--
-- PostgreSQL database dump
--

\restrict Bn5u3KcmfRgcHKrAbR7HcZMHSsSqPeSWYj3NaqXA5kSUvdizDfkCryKXgPUSB9K

-- Dumped from database version 18.3
-- Dumped by pg_dump version 18.3

SET statement_timeout = 0;
SET lock_timeout = 0;
SET idle_in_transaction_session_timeout = 0;
SET transaction_timeout = 0;
SET client_encoding = 'UTF8';
SET standard_conforming_strings = on;
SELECT pg_catalog.set_config('search_path', '', false);
SET check_function_bodies = false;
SET xmloption = content;
SET client_min_messages = warning;
SET row_security = off;

SET default_tablespace = '';

SET default_table_access_method = heap;

--
-- Name: accounts_address; Type: TABLE; Schema: public; Owner: -
--

CREATE TABLE public.accounts_address (
    id bigint NOT NULL,
    label character varying(80) NOT NULL,
    receiver_name character varying(150) NOT NULL,
    phone character varying(30) NOT NULL,
    address_line text NOT NULL,
    is_default boolean NOT NULL,
    user_id integer NOT NULL,
    province_id bigint,
    commune_id bigint
);


--
-- Name: accounts_address_id_seq; Type: SEQUENCE; Schema: public; Owner: -
--

ALTER TABLE public.accounts_address ALTER COLUMN id ADD GENERATED BY DEFAULT AS IDENTITY (
    SEQUENCE NAME public.accounts_address_id_seq
    START WITH 1
    INCREMENT BY 1
    NO MINVALUE
    NO MAXVALUE
    CACHE 1
);


--
-- Name: accounts_commune; Type: TABLE; Schema: public; Owner: -
--

CREATE TABLE public.accounts_commune (
    id bigint NOT NULL,
    code character varying(20) NOT NULL,
    name character varying(150) NOT NULL,
    province_id bigint NOT NULL
);


--
-- Name: accounts_commune_id_seq; Type: SEQUENCE; Schema: public; Owner: -
--

ALTER TABLE public.accounts_commune ALTER COLUMN id ADD GENERATED BY DEFAULT AS IDENTITY (
    SEQUENCE NAME public.accounts_commune_id_seq
    START WITH 1
    INCREMENT BY 1
    NO MINVALUE
    NO MAXVALUE
    CACHE 1
);


--
-- Name: accounts_province; Type: TABLE; Schema: public; Owner: -
--

CREATE TABLE public.accounts_province (
    id bigint NOT NULL,
    code character varying(20) NOT NULL,
    name character varying(150) NOT NULL
);


--
-- Name: accounts_province_id_seq; Type: SEQUENCE; Schema: public; Owner: -
--

ALTER TABLE public.accounts_province ALTER COLUMN id ADD GENERATED BY DEFAULT AS IDENTITY (
    SEQUENCE NAME public.accounts_province_id_seq
    START WITH 1
    INCREMENT BY 1
    NO MINVALUE
    NO MAXVALUE
    CACHE 1
);


--
-- Name: accounts_userprofile; Type: TABLE; Schema: public; Owner: -
--

CREATE TABLE public.accounts_userprofile (
    id bigint NOT NULL,
    phone character varying(30) NOT NULL,
    avatar character varying(100) NOT NULL,
    firebase_uid character varying(128) NOT NULL,
    created_at timestamp with time zone NOT NULL,
    user_id integer NOT NULL,
    full_name character varying(150) NOT NULL
);


--
-- Name: accounts_userprofile_id_seq; Type: SEQUENCE; Schema: public; Owner: -
--

ALTER TABLE public.accounts_userprofile ALTER COLUMN id ADD GENERATED BY DEFAULT AS IDENTITY (
    SEQUENCE NAME public.accounts_userprofile_id_seq
    START WITH 1
    INCREMENT BY 1
    NO MINVALUE
    NO MAXVALUE
    CACHE 1
);


--
-- Name: auth_group; Type: TABLE; Schema: public; Owner: -
--

CREATE TABLE public.auth_group (
    id integer NOT NULL,
    name character varying(150) NOT NULL
);


--
-- Name: auth_group_id_seq; Type: SEQUENCE; Schema: public; Owner: -
--

ALTER TABLE public.auth_group ALTER COLUMN id ADD GENERATED BY DEFAULT AS IDENTITY (
    SEQUENCE NAME public.auth_group_id_seq
    START WITH 1
    INCREMENT BY 1
    NO MINVALUE
    NO MAXVALUE
    CACHE 1
);


--
-- Name: auth_group_permissions; Type: TABLE; Schema: public; Owner: -
--

CREATE TABLE public.auth_group_permissions (
    id bigint NOT NULL,
    group_id integer NOT NULL,
    permission_id integer NOT NULL
);


--
-- Name: auth_group_permissions_id_seq; Type: SEQUENCE; Schema: public; Owner: -
--

ALTER TABLE public.auth_group_permissions ALTER COLUMN id ADD GENERATED BY DEFAULT AS IDENTITY (
    SEQUENCE NAME public.auth_group_permissions_id_seq
    START WITH 1
    INCREMENT BY 1
    NO MINVALUE
    NO MAXVALUE
    CACHE 1
);


--
-- Name: auth_permission; Type: TABLE; Schema: public; Owner: -
--

CREATE TABLE public.auth_permission (
    id integer NOT NULL,
    name character varying(255) NOT NULL,
    content_type_id integer NOT NULL,
    codename character varying(100) NOT NULL
);


--
-- Name: auth_permission_id_seq; Type: SEQUENCE; Schema: public; Owner: -
--

ALTER TABLE public.auth_permission ALTER COLUMN id ADD GENERATED BY DEFAULT AS IDENTITY (
    SEQUENCE NAME public.auth_permission_id_seq
    START WITH 1
    INCREMENT BY 1
    NO MINVALUE
    NO MAXVALUE
    CACHE 1
);


--
-- Name: auth_user; Type: TABLE; Schema: public; Owner: -
--

CREATE TABLE public.auth_user (
    id integer NOT NULL,
    password character varying(128) NOT NULL,
    last_login timestamp with time zone,
    is_superuser boolean NOT NULL,
    username character varying(150) NOT NULL,
    first_name character varying(150) NOT NULL,
    last_name character varying(150) NOT NULL,
    email character varying(254) NOT NULL,
    is_staff boolean NOT NULL,
    is_active boolean NOT NULL,
    date_joined timestamp with time zone NOT NULL
);


--
-- Name: auth_user_groups; Type: TABLE; Schema: public; Owner: -
--

CREATE TABLE public.auth_user_groups (
    id bigint NOT NULL,
    user_id integer NOT NULL,
    group_id integer NOT NULL
);


--
-- Name: auth_user_groups_id_seq; Type: SEQUENCE; Schema: public; Owner: -
--

ALTER TABLE public.auth_user_groups ALTER COLUMN id ADD GENERATED BY DEFAULT AS IDENTITY (
    SEQUENCE NAME public.auth_user_groups_id_seq
    START WITH 1
    INCREMENT BY 1
    NO MINVALUE
    NO MAXVALUE
    CACHE 1
);


--
-- Name: auth_user_id_seq; Type: SEQUENCE; Schema: public; Owner: -
--

ALTER TABLE public.auth_user ALTER COLUMN id ADD GENERATED BY DEFAULT AS IDENTITY (
    SEQUENCE NAME public.auth_user_id_seq
    START WITH 1
    INCREMENT BY 1
    NO MINVALUE
    NO MAXVALUE
    CACHE 1
);


--
-- Name: auth_user_user_permissions; Type: TABLE; Schema: public; Owner: -
--

CREATE TABLE public.auth_user_user_permissions (
    id bigint NOT NULL,
    user_id integer NOT NULL,
    permission_id integer NOT NULL
);


--
-- Name: auth_user_user_permissions_id_seq; Type: SEQUENCE; Schema: public; Owner: -
--

ALTER TABLE public.auth_user_user_permissions ALTER COLUMN id ADD GENERATED BY DEFAULT AS IDENTITY (
    SEQUENCE NAME public.auth_user_user_permissions_id_seq
    START WITH 1
    INCREMENT BY 1
    NO MINVALUE
    NO MAXVALUE
    CACHE 1
);


--
-- Name: contact_banner; Type: TABLE; Schema: public; Owner: -
--

CREATE TABLE public.contact_banner (
    id bigint NOT NULL,
    title character varying(180) NOT NULL,
    subtitle character varying(240) NOT NULL,
    image character varying(100) NOT NULL,
    link character varying(200) NOT NULL,
    "order" integer NOT NULL,
    is_active boolean NOT NULL,
    tag character varying(100) NOT NULL,
    bg_color character varying(255) NOT NULL,
    subtitle_en character varying(255) NOT NULL,
    title_en character varying(255) NOT NULL,
    location character varying(50) NOT NULL
);


--
-- Name: contact_banner_id_seq; Type: SEQUENCE; Schema: public; Owner: -
--

ALTER TABLE public.contact_banner ALTER COLUMN id ADD GENERATED BY DEFAULT AS IDENTITY (
    SEQUENCE NAME public.contact_banner_id_seq
    START WITH 1
    INCREMENT BY 1
    NO MINVALUE
    NO MAXVALUE
    CACHE 1
);


--
-- Name: contact_contactsubmission; Type: TABLE; Schema: public; Owner: -
--

CREATE TABLE public.contact_contactsubmission (
    id bigint NOT NULL,
    name character varying(150) NOT NULL,
    phone character varying(30) NOT NULL,
    email character varying(254),
    message text NOT NULL,
    created_at timestamp with time zone NOT NULL,
    is_read boolean NOT NULL
);


--
-- Name: contact_contactsubmission_id_seq; Type: SEQUENCE; Schema: public; Owner: -
--

ALTER TABLE public.contact_contactsubmission ALTER COLUMN id ADD GENERATED BY DEFAULT AS IDENTITY (
    SEQUENCE NAME public.contact_contactsubmission_id_seq
    START WITH 1
    INCREMENT BY 1
    NO MINVALUE
    NO MAXVALUE
    CACHE 1
);


--
-- Name: contact_siteconfig; Type: TABLE; Schema: public; Owner: -
--

CREATE TABLE public.contact_siteconfig (
    id bigint NOT NULL,
    hotline character varying(50) NOT NULL,
    zalo_url character varying(200) NOT NULL,
    facebook_url character varying(200) NOT NULL,
    address text NOT NULL,
    email character varying(254) NOT NULL,
    google_map_embed text NOT NULL,
    policy_buying text NOT NULL,
    policy_shipping text NOT NULL,
    about_en text NOT NULL,
    tagline_en character varying(255) NOT NULL,
    about text NOT NULL,
    tagline character varying(255) NOT NULL
);


--
-- Name: contact_siteconfig_id_seq; Type: SEQUENCE; Schema: public; Owner: -
--

ALTER TABLE public.contact_siteconfig ALTER COLUMN id ADD GENERATED BY DEFAULT AS IDENTITY (
    SEQUENCE NAME public.contact_siteconfig_id_seq
    START WITH 1
    INCREMENT BY 1
    NO MINVALUE
    NO MAXVALUE
    CACHE 1
);


--
-- Name: django_admin_log; Type: TABLE; Schema: public; Owner: -
--

CREATE TABLE public.django_admin_log (
    id integer NOT NULL,
    action_time timestamp with time zone NOT NULL,
    object_id text,
    object_repr character varying(200) NOT NULL,
    action_flag smallint NOT NULL,
    change_message text NOT NULL,
    content_type_id integer,
    user_id integer NOT NULL,
    CONSTRAINT django_admin_log_action_flag_check CHECK ((action_flag >= 0))
);


--
-- Name: django_admin_log_id_seq; Type: SEQUENCE; Schema: public; Owner: -
--

ALTER TABLE public.django_admin_log ALTER COLUMN id ADD GENERATED BY DEFAULT AS IDENTITY (
    SEQUENCE NAME public.django_admin_log_id_seq
    START WITH 1
    INCREMENT BY 1
    NO MINVALUE
    NO MAXVALUE
    CACHE 1
);


--
-- Name: django_content_type; Type: TABLE; Schema: public; Owner: -
--

CREATE TABLE public.django_content_type (
    id integer NOT NULL,
    app_label character varying(100) NOT NULL,
    model character varying(100) NOT NULL
);


--
-- Name: django_content_type_id_seq; Type: SEQUENCE; Schema: public; Owner: -
--

ALTER TABLE public.django_content_type ALTER COLUMN id ADD GENERATED BY DEFAULT AS IDENTITY (
    SEQUENCE NAME public.django_content_type_id_seq
    START WITH 1
    INCREMENT BY 1
    NO MINVALUE
    NO MAXVALUE
    CACHE 1
);


--
-- Name: django_migrations; Type: TABLE; Schema: public; Owner: -
--

CREATE TABLE public.django_migrations (
    id bigint NOT NULL,
    app character varying(255) NOT NULL,
    name character varying(255) NOT NULL,
    applied timestamp with time zone NOT NULL
);


--
-- Name: django_migrations_id_seq; Type: SEQUENCE; Schema: public; Owner: -
--

ALTER TABLE public.django_migrations ALTER COLUMN id ADD GENERATED BY DEFAULT AS IDENTITY (
    SEQUENCE NAME public.django_migrations_id_seq
    START WITH 1
    INCREMENT BY 1
    NO MINVALUE
    NO MAXVALUE
    CACHE 1
);


--
-- Name: django_session; Type: TABLE; Schema: public; Owner: -
--

CREATE TABLE public.django_session (
    session_key character varying(40) NOT NULL,
    session_data text NOT NULL,
    expire_date timestamp with time zone NOT NULL
);


--
-- Name: documents_doccategory; Type: TABLE; Schema: public; Owner: -
--

CREATE TABLE public.documents_doccategory (
    id bigint NOT NULL,
    name character varying(120) NOT NULL,
    slug character varying(140) NOT NULL,
    name_en character varying(120) NOT NULL
);


--
-- Name: documents_doccategory_id_seq; Type: SEQUENCE; Schema: public; Owner: -
--

ALTER TABLE public.documents_doccategory ALTER COLUMN id ADD GENERATED BY DEFAULT AS IDENTITY (
    SEQUENCE NAME public.documents_doccategory_id_seq
    START WITH 1
    INCREMENT BY 1
    NO MINVALUE
    NO MAXVALUE
    CACHE 1
);


--
-- Name: documents_document; Type: TABLE; Schema: public; Owner: -
--

CREATE TABLE public.documents_document (
    id bigint NOT NULL,
    title character varying(240) NOT NULL,
    slug character varying(260) NOT NULL,
    doc_type character varying(20) NOT NULL,
    thumbnail character varying(100) NOT NULL,
    summary character varying(300) NOT NULL,
    content text NOT NULL,
    file character varying(100),
    video_url character varying(200),
    is_published boolean NOT NULL,
    created_at timestamp with time zone NOT NULL,
    updated_at timestamp with time zone NOT NULL,
    category_id bigint NOT NULL,
    content_en text NOT NULL,
    summary_en text NOT NULL,
    title_en character varying(255) NOT NULL
);


--
-- Name: documents_document_id_seq; Type: SEQUENCE; Schema: public; Owner: -
--

ALTER TABLE public.documents_document ALTER COLUMN id ADD GENERATED BY DEFAULT AS IDENTITY (
    SEQUENCE NAME public.documents_document_id_seq
    START WITH 1
    INCREMENT BY 1
    NO MINVALUE
    NO MAXVALUE
    CACHE 1
);


--
-- Name: documents_document_plants; Type: TABLE; Schema: public; Owner: -
--

CREATE TABLE public.documents_document_plants (
    id bigint NOT NULL,
    document_id bigint NOT NULL,
    plant_id bigint NOT NULL
);


--
-- Name: documents_document_plants_id_seq; Type: SEQUENCE; Schema: public; Owner: -
--

ALTER TABLE public.documents_document_plants ALTER COLUMN id ADD GENERATED BY DEFAULT AS IDENTITY (
    SEQUENCE NAME public.documents_document_plants_id_seq
    START WITH 1
    INCREMENT BY 1
    NO MINVALUE
    NO MAXVALUE
    CACHE 1
);


--
-- Name: news_article; Type: TABLE; Schema: public; Owner: -
--

CREATE TABLE public.news_article (
    id bigint NOT NULL,
    title character varying(240) NOT NULL,
    slug character varying(260) NOT NULL,
    thumbnail character varying(100) NOT NULL,
    summary character varying(300) NOT NULL,
    content text NOT NULL,
    is_published boolean NOT NULL,
    published_at timestamp with time zone,
    view_count integer NOT NULL,
    created_at timestamp with time zone NOT NULL,
    updated_at timestamp with time zone NOT NULL,
    author_id integer NOT NULL,
    category_id bigint NOT NULL,
    content_en text NOT NULL,
    summary_en text NOT NULL,
    title_en character varying(255) NOT NULL,
    CONSTRAINT news_article_view_count_check CHECK ((view_count >= 0))
);


--
-- Name: news_article_hashtags; Type: TABLE; Schema: public; Owner: -
--

CREATE TABLE public.news_article_hashtags (
    id bigint NOT NULL,
    article_id bigint NOT NULL,
    hashtag_id bigint NOT NULL
);


--
-- Name: news_article_hashtags_id_seq; Type: SEQUENCE; Schema: public; Owner: -
--

ALTER TABLE public.news_article_hashtags ALTER COLUMN id ADD GENERATED BY DEFAULT AS IDENTITY (
    SEQUENCE NAME public.news_article_hashtags_id_seq
    START WITH 1
    INCREMENT BY 1
    NO MINVALUE
    NO MAXVALUE
    CACHE 1
);


--
-- Name: news_article_id_seq; Type: SEQUENCE; Schema: public; Owner: -
--

ALTER TABLE public.news_article ALTER COLUMN id ADD GENERATED BY DEFAULT AS IDENTITY (
    SEQUENCE NAME public.news_article_id_seq
    START WITH 1
    INCREMENT BY 1
    NO MINVALUE
    NO MAXVALUE
    CACHE 1
);


--
-- Name: news_hashtag; Type: TABLE; Schema: public; Owner: -
--

CREATE TABLE public.news_hashtag (
    id bigint NOT NULL,
    name character varying(80) NOT NULL
);


--
-- Name: news_hashtag_id_seq; Type: SEQUENCE; Schema: public; Owner: -
--

ALTER TABLE public.news_hashtag ALTER COLUMN id ADD GENERATED BY DEFAULT AS IDENTITY (
    SEQUENCE NAME public.news_hashtag_id_seq
    START WITH 1
    INCREMENT BY 1
    NO MINVALUE
    NO MAXVALUE
    CACHE 1
);


--
-- Name: news_newscategory; Type: TABLE; Schema: public; Owner: -
--

CREATE TABLE public.news_newscategory (
    id bigint NOT NULL,
    name character varying(120) NOT NULL,
    slug character varying(140) NOT NULL,
    name_en character varying(120) NOT NULL
);


--
-- Name: news_newscategory_id_seq; Type: SEQUENCE; Schema: public; Owner: -
--

ALTER TABLE public.news_newscategory ALTER COLUMN id ADD GENERATED BY DEFAULT AS IDENTITY (
    SEQUENCE NAME public.news_newscategory_id_seq
    START WITH 1
    INCREMENT BY 1
    NO MINVALUE
    NO MAXVALUE
    CACHE 1
);


--
-- Name: orders_order; Type: TABLE; Schema: public; Owner: -
--

CREATE TABLE public.orders_order (
    id bigint NOT NULL,
    order_number character varying(20) NOT NULL,
    status character varying(20) NOT NULL,
    payment_method character varying(20) NOT NULL,
    payment_status character varying(20) NOT NULL,
    receiver_name character varying(150) NOT NULL,
    receiver_phone character varying(30) NOT NULL,
    receiver_address text NOT NULL,
    subtotal numeric(12,0) NOT NULL,
    shipping_fee numeric(12,0) NOT NULL,
    total numeric(12,0) NOT NULL,
    note text NOT NULL,
    vnpay_txn_ref character varying(100),
    momo_txn_ref character varying(100),
    created_at timestamp with time zone NOT NULL,
    updated_at timestamp with time zone NOT NULL,
    user_id integer,
    discount_amount numeric(12,0) NOT NULL,
    promotion_code character varying(50) NOT NULL
);


--
-- Name: orders_order_id_seq; Type: SEQUENCE; Schema: public; Owner: -
--

ALTER TABLE public.orders_order ALTER COLUMN id ADD GENERATED BY DEFAULT AS IDENTITY (
    SEQUENCE NAME public.orders_order_id_seq
    START WITH 1
    INCREMENT BY 1
    NO MINVALUE
    NO MAXVALUE
    CACHE 1
);


--
-- Name: orders_orderitem; Type: TABLE; Schema: public; Owner: -
--

CREATE TABLE public.orders_orderitem (
    id bigint NOT NULL,
    product_name character varying(220) NOT NULL,
    product_price numeric(12,0) NOT NULL,
    quantity integer NOT NULL,
    order_id bigint NOT NULL,
    product_id bigint NOT NULL,
    CONSTRAINT orders_orderitem_quantity_check CHECK ((quantity >= 0))
);


--
-- Name: orders_orderitem_id_seq; Type: SEQUENCE; Schema: public; Owner: -
--

ALTER TABLE public.orders_orderitem ALTER COLUMN id ADD GENERATED BY DEFAULT AS IDENTITY (
    SEQUENCE NAME public.orders_orderitem_id_seq
    START WITH 1
    INCREMENT BY 1
    NO MINVALUE
    NO MAXVALUE
    CACHE 1
);


--
-- Name: orders_promotion; Type: TABLE; Schema: public; Owner: -
--

CREATE TABLE public.orders_promotion (
    id bigint NOT NULL,
    code character varying(50) NOT NULL,
    name character varying(150) NOT NULL,
    discount_type character varying(20) NOT NULL,
    discount_value numeric(12,0) NOT NULL,
    min_order_value numeric(12,0) NOT NULL,
    start_date date NOT NULL,
    end_date date NOT NULL,
    usage_limit integer,
    used_count integer NOT NULL,
    is_active boolean NOT NULL,
    CONSTRAINT orders_promotion_usage_limit_check CHECK ((usage_limit >= 0)),
    CONSTRAINT orders_promotion_used_count_check CHECK ((used_count >= 0))
);


--
-- Name: orders_promotion_id_seq; Type: SEQUENCE; Schema: public; Owner: -
--

ALTER TABLE public.orders_promotion ALTER COLUMN id ADD GENERATED BY DEFAULT AS IDENTITY (
    SEQUENCE NAME public.orders_promotion_id_seq
    START WITH 1
    INCREMENT BY 1
    NO MINVALUE
    NO MAXVALUE
    CACHE 1
);


--
-- Name: products_category; Type: TABLE; Schema: public; Owner: -
--

CREATE TABLE public.products_category (
    id bigint NOT NULL,
    name character varying(120) NOT NULL,
    slug character varying(140) NOT NULL,
    color character varying(32) NOT NULL,
    icon character varying(80) NOT NULL,
    created_at timestamp with time zone NOT NULL,
    description_en text NOT NULL,
    name_en character varying(120) NOT NULL,
    description text NOT NULL
);


--
-- Name: products_category_id_seq; Type: SEQUENCE; Schema: public; Owner: -
--

ALTER TABLE public.products_category ALTER COLUMN id ADD GENERATED BY DEFAULT AS IDENTITY (
    SEQUENCE NAME public.products_category_id_seq
    START WITH 1
    INCREMENT BY 1
    NO MINVALUE
    NO MAXVALUE
    CACHE 1
);


--
-- Name: products_plant; Type: TABLE; Schema: public; Owner: -
--

CREATE TABLE public.products_plant (
    id bigint NOT NULL,
    name character varying(120) NOT NULL,
    slug character varying(140) NOT NULL,
    name_en character varying(120) NOT NULL
);


--
-- Name: products_plant_id_seq; Type: SEQUENCE; Schema: public; Owner: -
--

ALTER TABLE public.products_plant ALTER COLUMN id ADD GENERATED BY DEFAULT AS IDENTITY (
    SEQUENCE NAME public.products_plant_id_seq
    START WITH 1
    INCREMENT BY 1
    NO MINVALUE
    NO MAXVALUE
    CACHE 1
);


--
-- Name: products_product; Type: TABLE; Schema: public; Owner: -
--

CREATE TABLE public.products_product (
    id bigint NOT NULL,
    name character varying(220) NOT NULL,
    slug character varying(240) NOT NULL,
    tag character varying(30) NOT NULL,
    price numeric(12,0) NOT NULL,
    sale_price numeric(12,0),
    specs jsonb NOT NULL,
    description text NOT NULL,
    usage text NOT NULL,
    guide text NOT NULL,
    thumbnail character varying(100) NOT NULL,
    sale_count integer NOT NULL,
    is_active boolean NOT NULL,
    sort_order integer NOT NULL,
    created_at timestamp with time zone NOT NULL,
    updated_at timestamp with time zone NOT NULL,
    category_id bigint NOT NULL,
    description_en text NOT NULL,
    name_en character varying(255) NOT NULL,
    short_desc_en text NOT NULL,
    specs_en jsonb NOT NULL,
    CONSTRAINT products_product_sale_count_check CHECK ((sale_count >= 0))
);


--
-- Name: products_product_id_seq; Type: SEQUENCE; Schema: public; Owner: -
--

ALTER TABLE public.products_product ALTER COLUMN id ADD GENERATED BY DEFAULT AS IDENTITY (
    SEQUENCE NAME public.products_product_id_seq
    START WITH 1
    INCREMENT BY 1
    NO MINVALUE
    NO MAXVALUE
    CACHE 1
);


--
-- Name: products_product_plants; Type: TABLE; Schema: public; Owner: -
--

CREATE TABLE public.products_product_plants (
    id bigint NOT NULL,
    product_id bigint NOT NULL,
    plant_id bigint NOT NULL
);


--
-- Name: products_product_plants_id_seq; Type: SEQUENCE; Schema: public; Owner: -
--

ALTER TABLE public.products_product_plants ALTER COLUMN id ADD GENERATED BY DEFAULT AS IDENTITY (
    SEQUENCE NAME public.products_product_plants_id_seq
    START WITH 1
    INCREMENT BY 1
    NO MINVALUE
    NO MAXVALUE
    CACHE 1
);


--
-- Name: products_productimage; Type: TABLE; Schema: public; Owner: -
--

CREATE TABLE public.products_productimage (
    id bigint NOT NULL,
    image character varying(100) NOT NULL,
    "order" integer NOT NULL,
    product_id bigint NOT NULL,
    CONSTRAINT products_productimage_order_check CHECK (("order" >= 0))
);


--
-- Name: products_productimage_id_seq; Type: SEQUENCE; Schema: public; Owner: -
--

ALTER TABLE public.products_productimage ALTER COLUMN id ADD GENERATED BY DEFAULT AS IDENTITY (
    SEQUENCE NAME public.products_productimage_id_seq
    START WITH 1
    INCREMENT BY 1
    NO MINVALUE
    NO MAXVALUE
    CACHE 1
);


--
-- Name: products_productreview; Type: TABLE; Schema: public; Owner: -
--

CREATE TABLE public.products_productreview (
    id bigint NOT NULL,
    rating smallint NOT NULL,
    text text NOT NULL,
    status character varying(20) NOT NULL,
    created_at timestamp with time zone NOT NULL,
    product_id bigint NOT NULL,
    user_id integer NOT NULL,
    comment_en text NOT NULL,
    CONSTRAINT products_productreview_rating_check CHECK ((rating >= 0))
);


--
-- Name: products_productreview_id_seq; Type: SEQUENCE; Schema: public; Owner: -
--

ALTER TABLE public.products_productreview ALTER COLUMN id ADD GENERATED BY DEFAULT AS IDENTITY (
    SEQUENCE NAME public.products_productreview_id_seq
    START WITH 1
    INCREMENT BY 1
    NO MINVALUE
    NO MAXVALUE
    CACHE 1
);


--
-- Data for Name: accounts_address; Type: TABLE DATA; Schema: public; Owner: -
--

COPY public.accounts_address (id, label, receiver_name, phone, address_line, is_default, user_id, province_id, commune_id) FROM stdin;
2	Nhà E2E	E2E Receiver	0901234567	123 Test Street	t	7	1	1
3	Nhà riêng	Giang	01232312313	Thôn A	t	11	11	823
\.


--
-- Data for Name: accounts_commune; Type: TABLE DATA; Schema: public; Owner: -
--

COPY public.accounts_commune (id, code, name, province_id) FROM stdin;
1	00004	Phường Ba Đình	1
2	00008	Phường Ngọc Hà	1
3	00025	Phường Giảng Võ	1
4	00070	Phường Hoàn Kiếm	1
5	00082	Phường Cửa Nam	1
6	00091	Phường Phú Thượng	1
7	00097	Phường Hồng Hà	1
8	00103	Phường Tây Hồ	1
9	00118	Phường Bồ Đề	1
10	00127	Phường Việt Hưng	1
11	00136	Phường Phúc Lợi	1
12	00145	Phường Long Biên	1
13	00160	Phường Nghĩa Đô	1
14	00166	Phường Cầu Giấy	1
15	00175	Phường Yên Hòa	1
16	00190	Phường Ô Chợ Dừa	1
17	00199	Phường Láng	1
18	00226	Phường Văn Miếu - Quốc Tử Giám	1
19	00229	Phường Kim Liên	1
20	00235	Phường Đống Đa	1
21	00256	Phường Hai Bà Trưng	1
22	00283	Phường Vĩnh Tuy	1
23	00292	Phường Bạch Mai	1
24	00301	Phường Vĩnh Hưng	1
25	00316	Phường Định Công	1
26	00322	Phường Tương Mai	1
27	00328	Phường Lĩnh Nam	1
28	00331	Phường Hoàng Mai	1
29	00337	Phường Hoàng Liệt	1
30	00340	Phường Yên Sở	1
31	00352	Phường Phương Liệt	1
32	00364	Phường Khương Đình	1
33	00367	Phường Thanh Xuân	1
34	00592	Phường Từ Liêm	1
35	00598	Phường Thượng Cát	1
36	00602	Phường Đông Ngạc	1
37	00611	Phường Xuân Đỉnh	1
38	00613	Phường Tây Tựu	1
39	00619	Phường Phú Diễn	1
40	00622	Phường Xuân Phương	1
41	00634	Phường Tây Mỗ	1
42	00637	Phường Đại Mỗ	1
43	00643	Phường Thanh Liệt	1
44	09552	Phường Kiến Hưng	1
45	09556	Phường Hà Đông	1
46	09562	Phường Yên Nghĩa	1
47	09568	Phường Phú Lương	1
48	09574	Phường Sơn Tây	1
49	09604	Phường Tùng Thiện	1
50	09886	Phường Dương Nội	1
51	10015	Phường Chương Mỹ	1
52	00376	Xã Sóc Sơn	1
53	00382	Xã Kim Anh	1
54	00385	Xã Trung Giã	1
55	00430	Xã Đa Phúc	1
56	00433	Xã Nội Bài	1
57	00454	Xã Đông Anh	1
58	00466	Xã Phúc Thịnh	1
59	00475	Xã Thư Lâm	1
60	00493	Xã Thiên Lộc	1
61	00508	Xã Vĩnh Thanh	1
62	00541	Xã Phù Đổng	1
63	00562	Xã Thuận An	1
64	00565	Xã Gia Lâm	1
65	00577	Xã Bát Tràng	1
66	00640	Xã Thanh Trì	1
67	00664	Xã Đại Thanh	1
68	00679	Xã Ngọc Hồi	1
69	00685	Xã Nam Phù	1
70	04930	Xã Yên Xuân	1
71	08974	Xã Quang Minh	1
72	08980	Xã Yên Lãng	1
73	08995	Xã Tiến Thắng	1
74	09022	Xã Mê Linh	1
75	09616	Xã Đoài Phương	1
76	09619	Xã Quảng Oai	1
77	09634	Xã Cổ Đô	1
78	09661	Xã Minh Châu	1
79	09664	Xã Vật Lại	1
80	09676	Xã Bất Bạt	1
81	09694	Xã Suối Hai	1
82	09700	Xã Ba Vì	1
83	09706	Xã Yên Bài	1
84	09715	Xã Phúc Thọ	1
85	09739	Xã Phúc Lộc	1
86	09772	Xã Hát Môn	1
87	09784	Xã Đan Phượng	1
88	09787	Xã Liên Minh	1
89	09817	Xã Ô Diên	1
90	09832	Xã Hoài Đức	1
91	09856	Xã Dương Hòa	1
92	09871	Xã Sơn Đồng	1
93	09877	Xã An Khánh	1
94	09895	Xã Quốc Oai	1
95	09910	Xã Kiều Phú	1
96	09931	Xã Hưng Đạo	1
97	09952	Xã Phú Cát	1
98	09955	Xã Thạch Thất	1
99	09982	Xã Hạ Bằng	1
100	09988	Xã Hòa Lạc	1
101	10003	Xã Tây Phương	1
102	10030	Xã Phú Nghĩa	1
103	10045	Xã Xuân Mai	1
104	10072	Xã Quảng Bị	1
105	10081	Xã Trần Phú	1
106	10096	Xã Hòa Phú	1
107	10114	Xã Thanh Oai	1
108	10126	Xã Bình Minh	1
109	10144	Xã Tam Hưng	1
110	10180	Xã Dân Hòa	1
111	10183	Xã Thường Tín	1
112	10210	Xã Hồng Vân	1
113	10231	Xã Thượng Phúc	1
114	10237	Xã Chương Dương	1
115	10273	Xã Phú Xuyên	1
116	10279	Xã Phượng Dực	1
117	10330	Xã Chuyên Mỹ	1
118	10342	Xã Đại Xuyên	1
119	10354	Xã Vân Đình	1
120	10369	Xã Ứng Thiên	1
121	10402	Xã Ứng Hòa	1
122	10417	Xã Hòa Xá	1
123	10441	Xã Mỹ Đức	1
124	10459	Xã Phúc Sơn	1
125	10465	Xã Hồng Sơn	1
126	10489	Xã Hương Sơn	1
127	01273	Phường Thục Phán	2
128	01279	Phường Nùng Trí Cao	2
129	01288	Phường Tân Giang	2
130	01290	Xã Bảo Lâm	2
131	01294	Xã Lý Bôn	2
132	01297	Xã Nam Quang	2
133	01304	Xã Quảng Lâm	2
134	01318	Xã Yên Thổ	2
135	01321	Xã Bảo Lạc	2
136	01324	Xã Cốc Pàng	2
137	01327	Xã Cô Ba	2
138	01336	Xã Khánh Xuân	2
139	01339	Xã Xuân Trường	2
140	01351	Xã Hưng Đạo	2
141	01354	Xã Huy Giáp	2
142	01360	Xã Sơn Lộ	2
143	01363	Xã Thông Nông	2
144	01366	Xã Cần Yên	2
145	01387	Xã Thanh Long	2
146	01392	Xã Trường Hà	2
147	01393	Xã Lũng Nặm	2
148	01414	Xã Tổng Cọt	2
149	01438	Xã Hà Quảng	2
150	01447	Xã Trà Lĩnh	2
151	01456	Xã Quang Hán	2
152	01465	Xã Quang Trung	2
153	01477	Xã Trùng Khánh	2
154	01489	Xã Đình Phong	2
155	01501	Xã Đàm Thủy	2
156	01525	Xã Đoài Dương	2
157	01537	Xã Lý Quốc	2
158	01552	Xã Quang Long	2
159	01558	Xã Hạ Lang	2
160	01561	Xã Vinh Quý	2
161	01576	Xã Quảng Uyên	2
162	01594	Xã Độc Lập	2
163	01618	Xã Hạnh Phúc	2
164	01636	Xã Bế Văn Đàn	2
165	01648	Xã Phục Hòa	2
166	01654	Xã Hòa An	2
167	01660	Xã Nam Tuấn	2
168	01699	Xã Nguyễn Huệ	2
169	01708	Xã Bạch Đằng	2
170	01726	Xã Nguyên Bình	2
171	01729	Xã Tĩnh Túc	2
172	01738	Xã Ca Thành	2
173	01747	Xã Minh Tâm	2
174	01768	Xã Phan Thanh	2
175	01774	Xã Tam Kim	2
176	01777	Xã Thành Công	2
177	01786	Xã Đông Khê	2
178	01789	Xã Canh Tân	2
179	01792	Xã Kim Đồng	2
180	01795	Xã Minh Khai	2
181	01807	Xã Thạch An	2
182	01822	Xã Đức Long	2
183	00691	Phường Hà Giang 2	3
184	00694	Phường Hà Giang 1	3
185	02212	Phường Nông Tiến	3
186	02215	Phường Minh Xuân	3
187	02509	Phường Mỹ Lâm	3
188	02512	Phường An Tường	3
189	02524	Phường Bình Thuận	3
190	00700	Xã Ngọc Đường	3
191	00706	Xã Phú Linh	3
192	00715	Xã Lũng Cú	3
193	00721	Xã Đồng Văn	3
194	00733	Xã Sà Phìn	3
195	00745	Xã Phó Bảng	3
196	00763	Xã Lũng Phìn	3
197	00769	Xã Mèo Vạc	3
198	00778	Xã Sơn Vĩ	3
199	00787	Xã Sủng Máng	3
200	00802	Xã Khâu Vai	3
201	00808	Xã Tát Ngà	3
202	00817	Xã Niêm Sơn	3
203	00820	Xã Yên Minh	3
204	00829	Xã Thắng Mố	3
205	00832	Xã Bạch Đích	3
206	00847	Xã Mậu Duệ	3
207	00859	Xã Ngọc Long	3
208	00865	Xã Đường Thượng	3
209	00871	Xã Du Già	3
210	00874	Xã Quản Bạ	3
211	00883	Xã Cán Tỷ	3
212	00889	Xã Nghĩa Thuận	3
213	00892	Xã Tùng Vài	3
214	00901	Xã Lùng Tám	3
215	00913	Xã Vị Xuyên	3
216	00919	Xã Minh Tân	3
217	00922	Xã Thuận Hòa	3
218	00925	Xã Tùng Bá	3
219	00928	Xã Thanh Thủy	3
220	00937	Xã Lao Chải	3
221	00952	Xã Cao Bồ	3
222	00958	Xã Thượng Sơn	3
223	00967	Xã Việt Lâm	3
224	00970	Xã Linh Hồ	3
225	00976	Xã Bạch Ngọc	3
226	00982	Xã Minh Sơn	3
227	00985	Xã Giáp Trung	3
228	00991	Xã Bắc Mê	3
229	00994	Xã Minh Ngọc	3
230	01006	Xã Yên Cường	3
231	01012	Xã Đường Hồng	3
232	01021	Xã Hoàng Su Phì	3
233	01024	Xã Bản Máy	3
234	01033	Xã Thàng Tín	3
235	01051	Xã Tân Tiến	3
236	01057	Xã Pờ Ly Ngài	3
237	01075	Xã Nậm Dịch	3
238	01084	Xã Hồ Thầu	3
239	01090	Xã Thông Nguyên	3
240	01096	Xã Pà Vầy Sủ	3
241	01108	Xã Xín Mần	3
242	01117	Xã Trung Thịnh	3
243	01141	Xã Nấm Dẩn	3
244	01144	Xã Quảng Nguyên	3
245	01147	Xã Khuôn Lùng	3
246	01153	Xã Bắc Quang	3
247	01156	Xã Vĩnh Tuy	3
248	01165	Xã Đồng Tâm	3
249	01171	Xã Tân Quang	3
250	01180	Xã Bằng Hành	3
251	01192	Xã Liên Hiệp	3
252	01201	Xã Hùng An	3
253	01216	Xã Đồng Yên	3
254	01225	Xã Tiên Nguyên	3
255	01234	Xã Yên Thành	3
256	01237	Xã Quang Bình	3
257	01243	Xã Tân Trịnh	3
258	01246	Xã Bằng Lang	3
259	01255	Xã Xuân Giang	3
260	01261	Xã Tiên Yên	3
261	02221	Xã Nà Hang	3
262	02239	Xã Thượng Nông	3
263	02245	Xã Côn Lôn	3
264	02248	Xã Yên Hoa	3
265	02260	Xã Hồng Thái	3
266	02266	Xã Lâm Bình	3
267	02269	Xã Thượng Lâm	3
268	02287	Xã Chiêm Hóa	3
269	02296	Xã Bình An	3
270	02302	Xã Minh Quang	3
271	02305	Xã Trung Hà	3
272	02308	Xã Tân Mỹ	3
273	02317	Xã Yên Lập	3
274	02320	Xã Tân An	3
275	02332	Xã Kiên Đài	3
276	02350	Xã Kim Bình	3
277	02353	Xã Hòa An	3
278	02359	Xã Tri Phú	3
279	02365	Xã Yên Nguyên	3
280	02374	Xã Hàm Yên	3
281	02380	Xã Bạch Xa	3
282	02392	Xã Phù Lưu	3
283	02398	Xã Yên Phú	3
284	02404	Xã Bình Xa	3
285	02407	Xã Thái Sơn	3
286	02419	Xã Thái Hòa	3
287	02425	Xã Hùng Đức	3
288	02434	Xã Lực Hành	3
289	02437	Xã Kiến Thiết	3
290	02449	Xã Xuân Vân	3
291	02455	Xã Hùng Lợi	3
292	02458	Xã Trung Sơn	3
293	02470	Xã Tân Long	3
294	02473	Xã Yên Sơn	3
295	02494	Xã Thái Bình	3
296	02530	Xã Nhữ Khê	3
297	02536	Xã Sơn Dương	3
298	02545	Xã Tân Trào	3
299	02548	Xã Bình Ca	3
300	02554	Xã Minh Thanh	3
301	02572	Xã Đông Thọ	3
302	02578	Xã Tân Thanh	3
303	02608	Xã Hồng Sơn	3
304	02611	Xã Phú Lương	3
305	02620	Xã Sơn Thủy	3
306	02623	Xã Trường Sinh	3
307	03127	Phường Điện Biên Phủ	4
308	03151	Phường Mường Lay	4
309	03334	Phường Mường Thanh	4
310	03158	Xã Sín Thầu	4
311	03160	Xã Mường Nhé	4
312	03162	Xã Nậm Kè	4
313	03163	Xã Mường Toong	4
314	03164	Xã Quảng Lâm	4
315	03166	Xã Mường Chà	4
316	03169	Xã Nà Hỳ	4
317	03172	Xã Na Sang	4
318	03175	Xã Chà Tở	4
319	03176	Xã Nà Bủng	4
320	03181	Xã Mường Tùng	4
321	03193	Xã Pa Ham	4
322	03194	Xã Nậm Nèn	4
323	03199	Xã Si Pa Phìn	4
324	03202	Xã Mường Pồn	4
325	03203	Xã Na Son	4
326	03208	Xã Xa Dung	4
327	03214	Xã Mường Luân	4
328	03217	Xã Tủa Chùa	4
329	03220	Xã Tủa Thàng	4
330	03226	Xã Sín Chải	4
331	03241	Xã Sính Phình	4
332	03244	Xã Sáng Nhè	4
333	03253	Xã Tuần Giáo	4
334	03256	Xã Mường Ảng	4
335	03260	Xã Pú Nhung	4
336	03268	Xã Mường Mùn	4
337	03283	Xã Chiềng Sinh	4
338	03295	Xã Quài Tở	4
339	03301	Xã Búng Lao	4
340	03313	Xã Mường Lạn	4
341	03316	Xã Nà Tấu	4
342	03325	Xã Mường Phăng	4
343	03328	Xã Thanh Nưa	4
344	03349	Xã Thanh Yên	4
345	03352	Xã Thanh An	4
346	03356	Xã Sam Mứn	4
347	03358	Xã Núa Ngam	4
348	03368	Xã Mường Nhà	4
349	03370	Xã Pu Nhi	4
350	03382	Xã Phình Giàng	4
351	03385	Xã Tìa Dình	4
352	03388	Phường Đoàn Kết	5
353	03408	Phường Tân Phong	5
354	03390	Xã Bình Lư	5
355	03394	Xã Sin Suối Hồ	5
356	03405	Xã Tả Lèng	5
357	03424	Xã Bản Bo	5
358	03430	Xã Khun Há	5
359	03433	Xã Bum Tở	5
360	03434	Xã Nậm Hàng	5
361	03439	Xã Thu Lũm	5
362	03442	Xã Pa Ủ	5
363	03445	Xã Mường Tè	5
364	03451	Xã Mù Cả	5
365	03460	Xã Hua Bum	5
366	03463	Xã Tà Tổng	5
367	03466	Xã Bum Nưa	5
368	03472	Xã Mường Mô	5
369	03478	Xã Sìn Hồ	5
370	03487	Xã Lê Lợi	5
371	03503	Xã Pa Tần	5
372	03508	Xã Hồng Thu	5
373	03517	Xã Nậm Tăm	5
374	03529	Xã Tủa Sín Chải	5
375	03532	Xã Pu Sam Cáp	5
376	03538	Xã Nậm Mạ	5
377	03544	Xã Nậm Cuổi	5
378	03549	Xã Phong Thổ	5
379	03562	Xã Sì Lở Lầu	5
380	03571	Xã Dào San	5
381	03583	Xã Khổng Lào	5
382	03595	Xã Than Uyên	5
383	03598	Xã Tân Uyên	5
384	03601	Xã Mường Khoa	5
385	03613	Xã Nậm Sỏ	5
386	03616	Xã Pắc Ta	5
387	03618	Xã Mường Than	5
388	03637	Xã Mường Kim	5
389	03640	Xã Khoen On	5
390	03646	Phường Tô Hiệu	6
391	03664	Phường Chiềng An	6
392	03670	Phường Chiềng Cơi	6
393	03679	Phường Chiềng Sinh	6
394	03979	Phường Mộc Sơn	6
395	03980	Phường Mộc Châu	6
396	03982	Phường Thảo Nguyên	6
397	04033	Phường Vân Sơn	6
398	03688	Xã Mường Chiên	6
399	03694	Xã Mường Giôn	6
400	03703	Xã Quỳnh Nhai	6
401	03712	Xã Mường Sại	6
402	03721	Xã Thuận Châu	6
403	03724	Xã Bình Thuận	6
404	03727	Xã Mường É	6
405	03754	Xã Chiềng La	6
406	03757	Xã Mường Khiêng	6
407	03760	Xã Mường Bám	6
408	03763	Xã Long Hẹ	6
409	03781	Xã Co Mạ	6
410	03784	Xã Nậm Lầu	6
411	03799	Xã Muổi Nọi	6
412	03808	Xã Mường La	6
413	03814	Xã Chiềng Lao	6
414	03820	Xã Ngọc Chiến	6
415	03847	Xã Mường Bú	6
416	03850	Xã Chiềng Hoa	6
417	03856	Xã Bắc Yên	6
418	03862	Xã Xím Vàng	6
419	03868	Xã Tà Xùa	6
420	03871	Xã Pắc Ngà	6
421	03880	Xã Tạ Khoa	6
422	03892	Xã Chiềng Sại	6
423	03901	Xã Suối Tọ	6
424	03907	Xã Mường Cơi	6
425	03910	Xã Phù Yên	6
426	03922	Xã Gia Phù	6
427	03943	Xã Mường Bang	6
428	03958	Xã Tường Hạ	6
429	03961	Xã Kim Bon	6
430	03970	Xã Tân Phong	6
431	03985	Xã Chiềng Sơn	6
432	03997	Xã Tân Yên	6
433	04000	Xã Đoàn Kết	6
434	04006	Xã Song Khủa	6
435	04018	Xã Tô Múa	6
436	04045	Xã Lóng Sập	6
437	04048	Xã Vân Hồ	6
438	04057	Xã Xuân Nha	6
439	04075	Xã Yên Châu	6
440	04078	Xã Chiềng Hặc	6
441	04087	Xã Yên Sơn	6
442	04096	Xã Lóng Phiêng	6
443	04099	Xã Phiêng Khoài	6
444	04105	Xã Mai Sơn	6
445	04108	Xã Chiềng Sung	6
446	04117	Xã Mường Chanh	6
447	04123	Xã Chiềng Mung	6
448	04132	Xã Chiềng Mai	6
449	04136	Xã Tà Hộc	6
450	04144	Xã Phiêng Cằm	6
451	04159	Xã Phiêng Pằn	6
452	04168	Xã Sông Mã	6
453	04171	Xã Bó Sinh	6
454	04183	Xã Mường Lầm	6
455	04186	Xã Nậm Ty	6
456	04195	Xã Chiềng Sơ	6
457	04204	Xã Chiềng Khoong	6
458	04210	Xã Huổi Một	6
459	04219	Xã Mường Hung	6
460	04222	Xã Chiềng Khương	6
461	04228	Xã Púng Bánh	6
462	04231	Xã Sốp Cộp	6
463	04240	Xã Mường Lèo	6
464	04246	Xã Mường Lạn	6
465	02647	Phường Lào Cai	7
466	02671	Phường Cam Đường	7
467	03006	Phường Sa Pa	7
468	04252	Phường Yên Bái	7
469	04273	Phường Nam Cường	7
470	04279	Phường Văn Phú	7
471	04288	Phường Nghĩa Lộ	7
472	04543	Phường Âu Lâu	7
473	04663	Phường Trung Tâm	7
474	04681	Phường Cầu Thia	7
475	02680	Xã Hợp Thành	7
476	02683	Xã Bát Xát	7
477	02686	Xã A Mú Sung	7
478	02695	Xã Trịnh Tường	7
479	02701	Xã Y Tý	7
480	02707	Xã Dền Sáng	7
481	02725	Xã Bản Xèo	7
482	02728	Xã Mường Hum	7
483	02746	Xã Cốc San	7
484	02752	Xã Pha Long	7
485	02761	Xã Mường Khương	7
486	02782	Xã Cao Sơn	7
487	02788	Xã Bản Lầu	7
488	02809	Xã Si Ma Cai	7
489	02824	Xã Sín Chéng	7
490	02839	Xã Bắc Hà	7
491	02842	Xã Tả Củ Tỷ	7
492	02848	Xã Lùng Phình	7
493	02869	Xã Bản Liền	7
494	02890	Xã Bảo Nhai	7
495	02896	Xã Cốc Lầu	7
496	02902	Xã Phong Hải	7
497	02905	Xã Bảo Thắng	7
498	02908	Xã Tằng Loỏng	7
499	02923	Xã Gia Phú	7
500	02926	Xã Xuân Quang	7
501	02947	Xã Bảo Yên	7
502	02953	Xã Nghĩa Đô	7
503	02962	Xã Xuân Hòa	7
504	02968	Xã Thượng Hà	7
505	02989	Xã Bảo Hà	7
506	02998	Xã Phúc Khánh	7
507	03004	Xã Ngũ Chỉ Sơn	7
508	03013	Xã Tả Phìn	7
509	03037	Xã Tả Van	7
510	03043	Xã Mường Bo	7
511	03046	Xã Bản Hồ	7
512	03061	Xã Võ Lao	7
513	03076	Xã Nậm Chày	7
514	03082	Xã Văn Bàn	7
515	03085	Xã Nậm Xé	7
516	03091	Xã Chiềng Ken	7
517	03103	Xã Khánh Yên	7
518	03106	Xã Dương Quỳ	7
519	03121	Xã Minh Lương	7
520	04303	Xã Lục Yên	7
521	04309	Xã Lâm Thượng	7
522	04336	Xã Tân Lĩnh	7
523	04342	Xã Khánh Hòa	7
524	04345	Xã Mường Lai	7
525	04363	Xã Phúc Lợi	7
526	04375	Xã Mậu A	7
527	04381	Xã Lâm Giang	7
528	04387	Xã Châu Quế	7
529	04399	Xã Đông Cuông	7
530	04402	Xã Phong Dụ Hạ	7
531	04423	Xã Phong Dụ Thượng	7
532	04429	Xã Tân Hợp	7
533	04441	Xã Xuân Ái	7
534	04450	Xã Mỏ Vàng	7
535	04456	Xã Mù Cang Chải	7
536	04462	Xã Nậm Có	7
537	04465	Xã Khao Mang	7
538	04474	Xã Lao Chải	7
539	04489	Xã Chế Tạo	7
540	04492	Xã Púng Luông	7
541	04498	Xã Trấn Yên	7
542	04531	Xã Quy Mông	7
543	04537	Xã Lương Thịnh	7
544	04564	Xã Việt Hồng	7
545	04576	Xã Hưng Khánh	7
546	04585	Xã Hạnh Phúc	7
547	04603	Xã Tà Xi Láng	7
548	04606	Xã Trạm Tấu	7
549	04609	Xã Phình Hồ	7
550	04630	Xã Tú Lệ	7
551	04636	Xã Gia Hội	7
552	04651	Xã Sơn Lương	7
553	04660	Xã Liên Sơn	7
554	04672	Xã Văn Chấn	7
555	04693	Xã Cát Thịnh	7
556	04699	Xã Chấn Thịnh	7
557	04705	Xã Thượng Bằng La	7
558	04711	Xã Nghĩa Tâm	7
559	04714	Xã Yên Bình	7
560	04717	Xã Thác Bà	7
561	04726	Xã Cảm Nhân	7
562	04744	Xã Yên Thành	7
563	04750	Xã Bảo Ái	7
564	01840	Phường Đức Xuân	8
565	01843	Phường Bắc Kạn	8
566	05443	Phường Phan Đình Phùng	8
567	05455	Phường Quyết Thắng	8
568	05467	Phường Gia Sàng	8
569	05482	Phường Quan Triều	8
570	05500	Phường Tích Lương	8
571	05518	Phường Sông Công	8
572	05528	Phường Bách Quang	8
573	05533	Phường Bá Xuyên	8
574	05710	Phường Linh Sơn	8
575	05857	Phường Phúc Thuận	8
576	05860	Phường Phổ Yên	8
577	05890	Phường Vạn Xuân	8
578	05899	Phường Trung Thành	8
579	01849	Xã Phong Quang	8
580	01864	Xã Bằng Thành	8
581	01879	Xã Cao Minh	8
582	01882	Xã Nghiên Loan	8
583	01894	Xã Phúc Lộc	8
584	01906	Xã Ba Bể	8
585	01912	Xã Chợ Rã	8
586	01921	Xã Thượng Minh	8
587	01933	Xã Đồng Phúc	8
588	01936	Xã Nà Phặc	8
589	01942	Xã Bằng Vân	8
590	01954	Xã Ngân Sơn	8
591	01957	Xã Thượng Quan	8
592	01960	Xã Hiệp Lực	8
593	01969	Xã Phủ Thông	8
594	01981	Xã Vĩnh Thông	8
595	02008	Xã Cẩm Giàng	8
596	02014	Xã Bạch Thông	8
597	02020	Xã Chợ Đồn	8
598	02026	Xã Nam Cường	8
599	02038	Xã Quảng Bạch	8
600	02044	Xã Yên Thịnh	8
601	02071	Xã Nghĩa Tá	8
602	02083	Xã Yên Phong	8
603	02086	Xã Chợ Mới	8
604	02101	Xã Thanh Mai	8
605	02104	Xã Tân Kỳ	8
606	02107	Xã Thanh Thịnh	8
607	02116	Xã Yên Bình	8
608	02143	Xã Văn Lang	8
609	02152	Xã Cường Lợi	8
610	02155	Xã Na Rì	8
611	02176	Xã Trần Phú	8
612	02185	Xã Côn Minh	8
613	02191	Xã Xuân Dương	8
614	05488	Xã Đại Phúc	8
615	05503	Xã Tân Cương	8
616	05542	Xã Lam Vỹ	8
617	05551	Xã Kim Phượng	8
618	05563	Xã Phượng Tiến	8
619	05569	Xã Định Hóa	8
620	05581	Xã Trung Hội	8
621	05587	Xã Bình Yên	8
622	05602	Xã Phú Đình	8
623	05605	Xã Bình Thành	8
624	05611	Xã Phú Lương	8
625	05620	Xã Yên Trạch	8
626	05632	Xã Hợp Thành	8
627	05641	Xã Vô Tranh	8
628	05662	Xã Trại Cau	8
629	05665	Xã Văn Lăng	8
630	05674	Xã Quang Sơn	8
631	05680	Xã Văn Hán	8
632	05692	Xã Đồng Hỷ	8
633	05707	Xã Nam Hòa	8
634	05716	Xã Võ Nhai	8
635	05719	Xã Sảng Mộc	8
636	05722	Xã Nghinh Tường	8
637	05725	Xã Thần Sa	8
638	05740	Xã La Hiên	8
639	05746	Xã Tràng Xá	8
640	05755	Xã Dân Tiến	8
641	05773	Xã Phú Xuyên	8
642	05776	Xã Đức Lương	8
643	05788	Xã Phú Lạc	8
644	05800	Xã Phú Thịnh	8
645	05809	Xã An Khánh	8
646	05818	Xã La Bằng	8
647	05830	Xã Đại Từ	8
648	05845	Xã Vạn Phú	8
649	05851	Xã Quân Chu	8
650	05881	Xã Thành Công	8
651	05908	Xã Phú Bình	8
652	05917	Xã Tân Khánh	8
653	05923	Xã Tân Thành	8
654	05941	Xã Điềm Thụy	8
655	05953	Xã Kha Sơn	8
656	05977	Phường Đông Kinh	9
657	05983	Phường Lương Văn Tri	9
658	05986	Phường Tam Thanh	9
659	06187	Phường Kỳ Lừa	9
660	06001	Xã Đoàn Kết	9
661	06004	Xã Quốc Khánh	9
662	06019	Xã Tân Tiến	9
663	06037	Xã Kháng Chiến	9
664	06040	Xã Thất Khê	9
665	06046	Xã Tràng Định	9
666	06058	Xã Quốc Việt	9
667	06073	Xã Hoa Thám	9
668	06076	Xã Quý Hòa	9
669	06079	Xã Hồng Phong	9
670	06085	Xã Thiện Hòa	9
671	06091	Xã Thiện Thuật	9
672	06103	Xã Thiện Long	9
673	06112	Xã Bình Gia	9
674	06115	Xã Tân Văn	9
675	06124	Xã Na Sầm	9
676	06148	Xã Thụy Hùng	9
677	06151	Xã Hội Hoan	9
678	06154	Xã Văn Lãng	9
679	06172	Xã Hoàng Văn Thụ	9
680	06184	Xã Đồng Đăng	9
681	06196	Xã Ba Sơn	9
682	06211	Xã Cao Lộc	9
683	06220	Xã Công Sơn	9
684	06253	Xã Văn Quan	9
685	06280	Xã Điềm He	9
686	06286	Xã Khánh Khê	9
687	06298	Xã Yên Phúc	9
688	06313	Xã Tri Lễ	9
689	06316	Xã Tân Đoàn	9
690	06325	Xã Bắc Sơn	9
691	06337	Xã Tân Tri	9
692	06349	Xã Hưng Vũ	9
693	06364	Xã Vũ Lễ	9
694	06367	Xã Vũ Lãng	9
695	06376	Xã Nhất Hòa	9
696	06385	Xã Hữu Lũng	9
697	06391	Xã Yên Bình	9
698	06400	Xã Hữu Liên	9
699	06415	Xã Vân Nham	9
700	06427	Xã Cai Kinh	9
701	06436	Xã Thiện Tân	9
702	06445	Xã Tân Thành	9
703	06457	Xã Tuấn Sơn	9
704	06463	Xã Chi Lăng	9
705	06475	Xã Bằng Mạc	9
706	06481	Xã Chiến Thắng	9
707	06496	Xã Nhân Lý	9
708	06505	Xã Vạn Linh	9
709	06517	Xã Quan Sơn	9
710	06526	Xã Na Dương	9
711	06529	Xã Lộc Bình	9
712	06541	Xã Mẫu Sơn	9
713	06565	Xã Khuất Xá	9
714	06577	Xã Thống Nhất	9
715	06601	Xã Lợi Bác	9
716	06607	Xã Xuân Dương	9
717	06613	Xã Đình Lập	9
718	06616	Xã Thái Bình	9
719	06625	Xã Kiên Mộc	9
720	06637	Xã Châu Sơn	9
721	06652	Phường Hà Tu	10
722	06658	Phường Cao Xanh	10
723	06661	Phường Việt Hưng	10
724	06673	Phường Bãi Cháy	10
725	06676	Phường Hà Lầm	10
726	06685	Phường Hồng Gai	10
727	06688	Phường Hạ Long	10
728	06706	Phường Tuần Châu	10
729	06709	Phường Móng Cái 2	10
730	06712	Phường Móng Cái 1	10
731	06736	Phường Móng Cái 3	10
732	06760	Phường Mông Dương	10
733	06778	Phường Quang Hanh	10
734	06781	Phường Cửa Ông	10
735	06793	Phường Cẩm Phả	10
736	06811	Phường Uông Bí	10
737	06820	Phường Vàng Danh	10
738	06832	Phường Yên Tử	10
739	07030	Phường Hoành Bồ	10
740	07069	Phường Mạo Khê	10
741	07081	Phường Bình Khê	10
742	07090	Phường An Sinh	10
743	07093	Phường Đông Triều	10
744	07114	Phường Hoàng Quế	10
745	07132	Phường Quảng Yên	10
746	07135	Phường Đông Mai	10
747	071.47	Phượng Hiệp Hòa	10
748	07168	Phường Hà An	10
749	07180	Phường Liên Hòa	10
750	07183	Phường Phong Cốc	10
751	06724	Xã Hải Sơn	10
752	06733	Xã Hải Ninh	10
753	06757	Xã Vĩnh Thực	10
754	06799	Xã Hải Hòa	10
755	06838	Xã Bình Liêu	10
756	06841	Xã Hoành Mô	10
757	06856	Xã Lục Hồn	10
758	06862	Xã Tiên Yên	10
759	06874	Xã Điền Xá	10
760	06877	Xã Đông Ngũ	10
761	06886	Xã Hải Lạng	10
762	06895	Xã Đầm Hà	10
763	06913	Xã Quảng Tân	10
764	06922	Xã Quảng Hà	10
765	06931	Xã Quảng Đức	10
766	06946	Xã Đường Hoa	10
767	06967	Xã Cái Chiên	10
768	06978	Xã Ba Chẽ	10
769	06979	Xã Kỳ Thượng	10
770	06985	Xã Lương Minh	10
771	07054	Xã Quảng La	10
772	07060	Xã Thống Nhất	10
773	06994	Đặc khu Vân Đồn	10
774	07192	Đặc khu Cô Tô	10
775	07210	Phường Bắc Giang	11
776	07228	Phường Đa Mai	11
777	07525	Phường Chũ	11
778	07612	Phường Phượng Sơn	11
779	07681	Phường Yên Dũng	11
780	07682	Phường Tân An	11
781	07696	Phường Tiền Phong	11
782	07699	Phường Tân Tiến	11
783	07738	Phường Cảnh Thụy	11
784	07774	Phường Tự Lạn	11
785	07777	Phường Việt Yên	11
786	07795	Phường Nếnh	11
787	07798	Phường Vân Hà	11
788	09169	Phường Vũ Ninh	11
789	09187	Phường Kinh Bắc	11
790	09190	Phường Võ Cường	11
791	09247	Phường Quế Võ	11
792	09253	Phường Nhân Hòa	11
793	09265	Phường Phương Liễu	11
794	09286	Phường Nam Sơn	11
795	09295	Phường Bồng Lai	11
796	09301	Phường Đào Viên	11
797	09325	Phường Hạp Lĩnh	11
798	09367	Phường Từ Sơn	11
799	09370	Phường Tam Sơn	11
800	09379	Phường Phù Khê	11
801	09385	Phường Đồng Nguyên	11
802	09400	Phường Thuận Thành	11
803	09409	Phường Mão Điền	11
804	09427	Phường Trí Quả	11
805	09430	Phường Trạm Lộ	11
806	09433	Phường Song Liễu	11
807	09445	Phường Ninh Xá	11
808	07246	Xã Xuân Lương	11
809	07264	Xã Tam Tiến	11
810	07282	Xã Đồng Kỳ	11
811	07288	Xã Yên Thế	11
812	07294	Xã Bố Hạ	11
813	07306	Xã Nhã Nam	11
814	07330	Xã Phúc Hòa	11
815	07333	Xã Quang Trung	11
816	07339	Xã Tân Yên	11
817	07351	Xã Ngọc Thiện	11
818	07375	Xã Lạng Giang	11
819	07381	Xã Tiên Lục	11
820	07399	Xã Kép	11
821	07420	Xã Mỹ Thái	11
822	07432	Xã Tân Dĩnh	11
823	07444	Xã Lục Nam	11
824	07450	Xã Đông Phú	11
825	07462	Xã Bảo Đài	11
826	07486	Xã Nghĩa Phương	11
827	07489	Xã Trường Sơn	11
828	07492	Xã Lục Sơn	11
829	07498	Xã Bắc Lũng	11
830	07519	Xã Cẩm Lý	11
831	07531	Xã Tân Sơn	11
832	07534	Xã Sa Lý	11
833	07537	Xã Biên Sơn	11
834	07543	Xã Sơn Hải	11
835	07552	Xã Kiên Lao	11
836	07573	Xã Biển Động	11
837	07582	Xã Lục Ngạn	11
838	07594	Xã Đèo Gia	11
839	07603	Xã Nam Dương	11
840	07615	Xã Sơn Động	11
841	07616	Xã Tây Yên Tử	11
842	07621	Xã Vân Sơn	11
843	07627	Xã Đại Sơn	11
844	07642	Xã Yên Định	11
845	07654	Xã An Lạc	11
846	07663	Xã Tuấn Đạo	11
847	07672	Xã Dương Hưu	11
848	07735	Xã Đồng Việt	11
849	07822	Xã Hoàng Vân	11
850	07840	Xã Hiệp Hòa	11
851	07864	Xã Hợp Thịnh	11
852	07870	Xã Xuân Cẩm	11
853	09193	Xã Yên Phong	11
854	09202	Xã Tam Giang	11
855	09205	Xã Yên Trung	11
856	09208	Xã Tam Đa	11
857	09238	Xã Văn Môn	11
858	09292	Xã Phù Lãng	11
859	09313	Xã Chi Lăng	11
860	09319	Xã Tiên Du	11
861	09334	Xã Liên Bão	11
862	09340	Xã Đại Đồng	11
863	09343	Xã Tân Chi	11
864	09349	Xã Phật Tích	11
865	09454	Xã Gia Bình	11
866	09466	Xã Cao Đức	11
867	09469	Xã Đại Lai	11
868	09475	Xã Nhân Thắng	11
869	09487	Xã Đông Cứu	11
870	09496	Xã Lương Tài	11
871	09499	Xã Trung Kênh	11
872	09523	Xã Trung Chính	11
873	09529	Xã Lâm Thao	11
874	04792	Phường Tân Hòa	12
875	04795	Phường Hòa Bình	12
876	04828	Phường Thống Nhất	12
877	04894	Phường Kỳ Sơn	12
878	07894	Phường Nông Trang	12
879	07900	Phường Việt Trì	12
880	07909	Phường Thanh Miếu	12
881	07918	Phường Vân Phú	12
882	07942	Phường Phú Thọ	12
883	07948	Phường Âu Cơ	12
884	07954	Phường Phong Châu	12
885	08707	Phường Vĩnh Yên	12
886	08716	Phường Vĩnh Phúc	12
887	08740	Phường Phúc Yên	12
888	08746	Phường Xuân Hòa	12
889	04831	Xã Đà Bắc	12
890	04846	Xã Đức Nhàn	12
891	04849	Xã Tân Pheo	12
892	04873	Xã Quy Đức	12
893	04876	Xã Cao Sơn	12
894	04891	Xã Tiền Phong	12
895	04897	Xã Thịnh Minh	12
896	04924	Xã Lương Sơn	12
897	04960	Xã Liên Sơn	12
898	04978	Xã Kim Bôi	12
899	04990	Xã Nật Sơn	12
900	05014	Xã Mường Động	12
901	05047	Xã Cao Dương	12
902	05068	Xã Hợp Kim	12
903	05086	Xã Dũng Tiến	12
904	05089	Xã Cao Phong	12
905	05092	Xã Thung Nai	12
906	05116	Xã Mường Thàng	12
907	05128	Xã Tân Lạc	12
908	05134	Xã Mường Hoa	12
909	05152	Xã Vân Sơn	12
910	05158	Xã Mường Bi	12
911	05191	Xã Toàn Thắng	12
912	05200	Xã Mai Châu	12
913	05206	Xã Tân Mai	12
914	05212	Xã Pà Cò	12
915	05245	Xã Bao La	12
916	05251	Xã Mai Hạ	12
917	05266	Xã Lạc Sơn	12
918	05287	Xã Mường Vang	12
919	05290	Xã Nhân Nghĩa	12
920	05293	Xã Thượng Cốc	12
921	05305	Xã Yên Phú	12
922	05323	Xã Quyết Thắng	12
923	05329	Xã Ngọc Sơn	12
924	05347	Xã Đại Đồng	12
925	05353	Xã Yên Thủy	12
926	05362	Xã Lạc Lương	12
927	05386	Xã Yên Trị	12
928	05392	Xã Lạc Thủy	12
929	05395	Xã An Nghĩa	12
930	05425	Xã An Bình	12
931	07969	Xã Đoan Hùng	12
932	07996	Xã Băng Luân	12
933	07999	Xã Chí Đám	12
934	08023	Xã Tây Cốc	12
935	08038	Xã Chân Mộng	12
936	08053	Xã Hạ Hòa	12
937	08071	Xã Đan Thượng	12
938	08110	Xã Hiền Lương	12
939	08113	Xã Yên Kỳ	12
940	08134	Xã Văn Lang	12
941	08143	Xã Vĩnh Chân	12
942	08152	Xã Thanh Ba	12
943	08173	Xã Quảng Yên	12
944	08203	Xã Hoàng Cương	12
945	08209	Xã Đông Thành	12
946	08218	Xã Chí Tiên	12
947	08227	Xã Liên Minh	12
948	08230	Xã Phù Ninh	12
949	08236	Xã Phú Mỹ	12
950	08245	Xã Trạm Thản	12
951	08254	Xã Dân Chủ	12
952	08275	Xã Bình Phú	12
953	08290	Xã Yên Lập	12
954	08296	Xã Sơn Lương	12
955	08305	Xã Xuân Viên	12
956	08311	Xã Trung Sơn	12
957	08323	Xã Thượng Long	12
958	08338	Xã Minh Hòa	12
959	08341	Xã Cẩm Khê	12
960	08344	Xã Tiên Lương	12
961	08377	Xã Vân Bán	12
962	08398	Xã Phú Khê	12
963	08416	Xã Hùng Việt	12
964	08431	Xã Đồng Lương	12
965	08434	Xã Tam Nông	12
966	08443	Xã Hiền Quan	12
967	08467	Xã Vạn Xuân	12
968	08479	Xã Thọ Văn	12
969	08494	Xã Lâm Thao	12
970	08500	Xã Xuân Lũng	12
971	08515	Xã Hy Cương	12
972	08521	Xã Phùng Nguyên	12
973	08527	Xã Bản Nguyên	12
974	08542	Xã Thanh Sơn	12
975	08545	Xã Thu Cúc	12
976	08560	Xã Lai Đồng	12
977	08566	Xã Tân Sơn	12
978	08584	Xã Võ Miếu	12
979	08590	Xã Xuân Đài	12
980	08593	Xã Minh Đài	12
981	08611	Xã Văn Miếu	12
982	08614	Xã Cự Đồng	12
983	08620	Xã Long Cốc	12
984	08632	Xã Hương Cần	12
985	08635	Xã Khả Cửu	12
986	08656	Xã Yên Sơn	12
987	08662	Xã Đào Xá	12
988	08674	Xã Thanh Thủy	12
989	08686	Xã Tu Vũ	12
990	08761	Xã Lập Thạch	12
991	08770	Xã Hợp Lý	12
992	08773	Xã Yên Lãng	12
993	08782	Xã Hải Lựu	12
994	08788	Xã Thái Hòa	12
995	08812	Xã Liên Hòa	12
996	08824	Xã Tam Sơn	12
997	08842	Xã Tiên Lữ	12
998	08848	Xã Sông Lô	12
999	08866	Xã Sơn Đông	12
1000	08869	Xã Tam Dương	12
1001	08872	Xã Tam Dương Bắc	12
1002	08896	Xã Hoàng An	12
1003	08905	Xã Hội Thịnh	12
1004	08911	Xã Tam Đảo	12
1005	08914	Xã Đạo Trù	12
1006	08923	Xã Đại Đình	12
1007	08935	Xã Bình Nguyên	12
1008	08944	Xã Bình Tuyền	12
1009	08950	Xã Bình Xuyên	12
1010	08971	Xã Xuân Lãng	12
1011	09025	Xã Yên Lạc	12
1012	09040	Xã Tề Lỗ	12
1013	09043	Xã Tam Hồng	12
1014	09052	Xã Nguyệt Đức	12
1015	09064	Xã Liên Châu	12
1016	09076	Xã Vĩnh Tường	12
1017	09079	Xã Vĩnh An	12
1018	09100	Xã Vĩnh Hưng	12
1019	09106	Xã Vĩnh Thành	12
1020	09112	Xã Thổ Tang	12
1021	09154	Xã Vĩnh Phú	12
1022	10507	Phường Thành Đông	13
1023	10525	Phường Hải Dương	13
1024	10532	Phường Lê Thanh Nghị	13
1025	10537	Phường Tân Hưng	13
1026	10543	Phường Việt Hòa	13
1027	10546	Phường Chí Linh	13
1028	10549	Phường Chu Văn An	13
1029	10552	Phường Nguyễn Trãi	13
1030	10570	Phường Trần Hưng Đạo	13
1031	10573	Phường Trần Nhân Tông	13
1032	10603	Phường Lê Đại Hành	13
1033	10660	Phường Ái Quốc	13
1034	10675	Phường Kinh Môn	13
1035	10678	Phường Bắc An Phụ	13
1036	10714	Phường Nhị Chiểu	13
1037	10726	Phường Phạm Sư Mạnh	13
1038	10729	Phường Trần Liễu	13
1039	10744	Phường Nguyễn Đại Năng	13
1040	10837	Phường Nam Đồng	13
1041	10891	Phường Tứ Minh	13
1503	16114	Xã Nga Thắng	16
1042	11002	Phường Thạch Khôi	13
1043	11311	Phường Hồng Bàng	13
1044	11329	Phường Ngô Quyền	13
1045	11359	Phường Gia Viên	13
1046	11383	Phường Lê Chân	13
1047	11407	Phường An Biên	13
1048	11411	Phường Đông Hải	13
1049	11413	Phường Hải An	13
1050	11443	Phường Kiến An	13
1051	11446	Phường Phù Liễn	13
1052	11455	Phường Đồ Sơn	13
1053	11473	Phường Bạch Đằng	13
1054	11488	Phường Lưu Kiếm	13
1055	11506	Phường Lê Ích Mộc	13
1056	11533	Phường Hòa Bình	13
1057	11542	Phường Nam Triệu	13
1058	11557	Phường Thiên Hương	13
1059	11560	Phường Thủy Nguyên	13
1060	11581	Phường An Dương	13
1061	11593	Phường An Phong	13
1062	11602	Phường Hồng An	13
1063	11617	Phường An Hải	13
1064	11689	Phường Hưng Đạo	13
1065	11692	Phường Dương Kinh	13
1066	11737	Phường Nam Đồ Sơn	13
1067	10606	Xã Nam Sách	13
1068	10615	Xã Hợp Tiến	13
1069	10633	Xã Trần Phú	13
1070	10642	Xã Thái Tân	13
1071	10645	Xã An Phú	13
1072	10705	Xã Nam An Phụ	13
1073	10750	Xã Phú Thái	13
1074	10756	Xã Lai Khê	13
1075	10792	Xã An Thành	13
1076	10804	Xã Kim Thành	13
1077	10813	Xã Thanh Hà	13
1078	10816	Xã Hà Bắc	13
1079	10843	Xã Hà Nam	13
1080	10846	Xã Hà Tây	13
1081	10882	Xã Hà Đông	13
1082	10888	Xã Cẩm Giang	13
1083	10903	Xã Cẩm Giàng	13
1084	10909	Xã Tuệ Tĩnh	13
1085	10930	Xã Mao Điền	13
1086	10945	Xã Kẻ Sặt	13
1087	10966	Xã Bình Giang	13
1088	10972	Xã Đường An	13
1089	10993	Xã Thượng Hồng	13
1090	10999	Xã Gia Lộc	13
1091	11020	Xã Yết Kiêu	13
1092	11050	Xã Gia Phúc	13
1093	11065	Xã Trường Tân	13
1094	11074	Xã Tứ Kỳ	13
1095	11086	Xã Đại Sơn	13
1096	11113	Xã Tân Kỳ	13
1097	11131	Xã Chí Minh	13
1098	11140	Xã Lạc Phượng	13
1099	11146	Xã Nguyên Giáp	13
1100	11164	Xã Vĩnh Lại	13
1101	11167	Xã Tân An	13
1102	11203	Xã Ninh Giang	13
1103	11218	Xã Hồng Châu	13
1104	11224	Xã Khúc Thừa Dụ	13
1105	11239	Xã Thanh Miện	13
1106	11242	Xã Nguyễn Lương Bằng	13
1107	11254	Xã Bắc Thanh Miện	13
1108	11257	Xã Hải Hưng	13
1109	11284	Xã Nam Thanh Miện	13
1110	11503	Xã Việt Khê	13
1111	11629	Xã An Lão	13
1112	11635	Xã An Trường	13
1113	11647	Xã An Quang	13
1114	11668	Xã An Khánh	13
1115	11674	Xã An Hưng	13
1116	11680	Xã Kiến Thụy	13
1117	11713	Xã Nghi Dương	13
1118	11725	Xã Kiến Minh	13
1119	11728	Xã Kiến Hưng	13
1120	11749	Xã Kiến Hải	13
1121	11755	Xã Tiên Lãng	13
1122	11761	Xã Quyết Thắng	13
1123	11779	Xã Tân Minh	13
1124	11791	Xã Tiên Minh	13
1125	11806	Xã Chấn Hưng	13
1126	11809	Xã Hùng Thắng	13
1127	11824	Xã Vĩnh Bảo	13
1128	11836	Xã Vĩnh Thịnh	13
1129	11842	Xã Vĩnh Thuận	13
1130	11848	Xã Vĩnh Hòa	13
1131	11875	Xã Vĩnh Hải	13
1132	11887	Xã Vĩnh Am	13
1133	11911	Xã Nguyễn Bỉnh Khiêm	13
1134	11914	Đặc khu Cát Hải	13
1135	11948	Đặc khu Bạch Long Vĩ	13
1136	11953	Phường Phố Hiến	14
1137	11980	Phường Hồng Châu	14
1138	11983	Phường Sơn Nam	14
1139	12103	Phường Mỹ Hào	14
1140	12127	Phường Thượng Hồng	14
1141	12133	Phường Đường Hào	14
1142	12452	Phường Trần Hưng Đạo	14
1143	12454	Phường Trần Lãm	14
1144	12466	Phường Vũ Phúc	14
1145	12817	Phường Trà Lý	14
1146	13225	Phường Thái Bình	14
1147	11977	Xã Tân Hưng	14
1148	11992	Xã Lạc Đạo	14
1149	11995	Xã Đại Đồng	14
1150	12004	Xã Như Quỳnh	14
1151	12019	Xã Văn Giang	14
1152	12025	Xã Phụng Công	14
1153	12031	Xã Nghĩa Trụ	14
1154	12049	Xã Mễ Sở	14
1155	12064	Xã Nguyễn Văn Linh	14
1156	12070	Xã Hoàn Long	14
1157	12073	Xã Yên Mỹ	14
1158	12091	Xã Việt Yên	14
1159	12142	Xã Ân Thi	14
1160	12148	Xã Phạm Ngũ Lão	14
1161	12166	Xã Xuân Trúc	14
1162	12184	Xã Nguyễn Trãi	14
1163	12196	Xã Hồng Quang	14
1164	12205	Xã Khoái Châu	14
1165	12223	Xã Triệu Việt Vương	14
1166	12238	Xã Việt Tiến	14
1167	12247	Xã Châu Ninh	14
1168	12271	Xã Chí Minh	14
1169	12280	Xã Lương Bằng	14
1170	12286	Xã Nghĩa Dân	14
1171	12313	Xã Đức Hợp	14
1172	12322	Xã Hiệp Cường	14
1173	12337	Xã Hoàng Hoa Thám	14
1174	12361	Xã Tiên Hoa	14
1175	12364	Xã Tiên Lữ	14
1176	12391	Xã Quang Hưng	14
1177	12406	Xã Đoàn Đào	14
1178	12424	Xã Tiên Tiến	14
1179	12427	Xã Tống Trân	14
1180	12472	Xã Quỳnh Phụ	14
1181	12499	Xã A Sào	14
1182	12511	Xã Minh Thọ	14
1183	12517	Xã Ngọc Lâm	14
1184	12523	Xã Phụ Dực	14
1185	12526	Xã Đồng Bằng	14
1186	12532	Xã Nguyễn Du	14
1187	12577	Xã Quỳnh An	14
1188	12583	Xã Tân Tiến	14
1189	12586	Xã Hưng Hà	14
1190	12595	Xã Ngự Thiên	14
1191	12613	Xã Long Hưng	14
1192	12619	Xã Diên Hà	14
1193	12631	Xã Thần Khê	14
1194	12634	Xã Tiên La	14
1195	12676	Xã Lê Quý Đôn	14
1196	12685	Xã Hồng Minh	14
1197	12688	Xã Đông Hưng	14
1198	12694	Xã Bắc Đông Hưng	14
1199	12700	Xã Bắc Tiên Hưng	14
1200	12736	Xã Đông Tiên Hưng	14
1201	12745	Xã Bắc Đông Quan	14
1202	12754	Xã Tiên Hưng	14
1203	12763	Xã Nam Tiên Hưng	14
1204	12775	Xã Nam Đông Hưng	14
1205	12793	Xã Đông Quan	14
1206	12826	Xã Thái Thụy	14
1207	12850	Xã Tây Thụy Anh	14
1208	12859	Xã Bắc Thụy Anh	14
1209	12862	Xã Đông Thụy Anh	14
1210	12865	Xã Thụy Anh	14
1211	12904	Xã Nam Thụy Anh	14
1212	12916	Xã Bắc Thái Ninh	14
1213	12919	Xã Tây Thái Ninh	14
1214	12922	Xã Thái Ninh	14
1215	12943	Xã Đông Thái Ninh	14
1216	12961	Xã Nam Thái Ninh	14
1217	12970	Xã Tiền Hải	14
1218	12988	Xã Đông Tiền Hải	14
1219	13003	Xã Đồng Châu	14
1220	13021	Xã Ái Quốc	14
1221	13039	Xã Tây Tiền Hải	14
1222	13057	Xã Nam Cường	14
1223	13063	Xã Nam Tiền Hải	14
1224	13066	Xã Hưng Phú	14
1225	13075	Xã Kiến Xương	14
1226	13093	Xã Trà Giang	14
1227	13096	Xã Bình Nguyên	14
1228	13120	Xã Lê Lợi	14
1229	13132	Xã Quang Lịch	14
1230	13141	Xã Vũ Quý	14
1231	13159	Xã Hồng Vũ	14
1232	13183	Xã Bình Thanh	14
1233	13186	Xã Bình Định	14
1234	13192	Xã Vũ Thư	14
1235	13219	Xã Vạn Xuân	14
1236	13222	Xã Thư Trì	14
1237	13246	Xã Tân Thuận	14
1238	13264	Xã Thư Vũ	14
1239	13279	Xã Vũ Tiên	14
1240	13285	Phường Phủ Lý	15
1241	13291	Phường Phù Vân	15
1242	13318	Phường Châu Sơn	15
1243	13324	Phường Duy Tiên	15
1244	13330	Phường Duy Tân	15
1245	13336	Phường Duy Hà	15
1246	13348	Phường Đồng Văn	15
1247	13363	Phường Tiên Sơn	15
1248	13366	Phường Hà Nam	15
1249	13384	Phường Kim Bảng	15
1250	13393	Phường Lê Hồ	15
1251	13396	Phường Nguyễn Úy	15
1252	13402	Phường Kim Thanh	15
1253	13420	Phường Tam Chúc	15
1254	13435	Phường Lý Thường Kiệt	15
1255	13444	Phường Liêm Tuyền	15
1256	13669	Phường Nam Định	15
1257	13684	Phường Thiên Trường	15
1258	13693	Phường Đông A	15
1259	13699	Phường Thành Nam	15
1260	13708	Phường Mỹ Lộc	15
1261	13777	Phường Trường Thi	15
1262	13972	Phường Vị Khê	15
1263	13984	Phường Hồng Quang	15
1264	14329	Phường Hoa Lư	15
1265	14359	Phường Nam Hoa Lư	15
1266	14362	Phường Tam Điệp	15
1267	14365	Phường Trung Sơn	15
1268	14371	Phường Yên Sơn	15
1269	14533	Phường Tây Hoa Lư	15
1270	14566	Phường Đông Hoa Lư	15
1271	14725	Phường Yên Thắng	15
1272	13456	Xã Liêm Hà	15
1273	13474	Xã Tân Thanh	15
1274	13483	Xã Thanh Bình	15
1275	13489	Xã Thanh Lâm	15
1276	13495	Xã Thanh Liêm	15
1277	13501	Xã Bình Mỹ	15
1278	13504	Xã Bình Lục	15
1279	13531	Xã Bình Giang	15
1280	13540	Xã Bình An	15
1281	13558	Xã Bình Sơn	15
1282	13573	Xã Lý Nhân	15
1283	13579	Xã Bắc Lý	15
1284	13591	Xã Nam Xang	15
1285	13594	Xã Trần Thương	15
1286	13597	Xã Vĩnh Trụ	15
1287	13609	Xã Nhân Hà	15
1288	13627	Xã Nam Lý	15
1289	13741	Xã Vụ Bản	15
1290	13750	Xã Minh Tân	15
1291	13753	Xã Hiển Khánh	15
1292	13786	Xã Liên Minh	15
1293	13795	Xã Ý Yên	15
1294	13807	Xã Tân Minh	15
1295	13822	Xã Phong Doanh	15
1296	13834	Xã Vũ Dương	15
1297	13864	Xã Vạn Thắng	15
1298	13870	Xã Yên Cường	15
1299	13879	Xã Yên Đồng	15
1300	13891	Xã Nghĩa Hưng	15
1301	13894	Xã Rạng Đông	15
1302	13900	Xã Đồng Thịnh	15
1303	13918	Xã Nghĩa Sơn	15
1304	13927	Xã Hồng Phong	15
1305	13939	Xã Quỹ Nhất	15
1306	13957	Xã Nghĩa Lâm	15
1307	13966	Xã Nam Trực	15
1308	13987	Xã Nam Hồng	15
1309	14005	Xã Nam Ninh	15
1310	14011	Xã Nam Minh	15
1311	14014	Xã Nam Đồng	15
1312	14026	Xã Cổ Lễ	15
1313	14038	Xã Ninh Giang	15
1314	14053	Xã Trực Ninh	15
1315	14056	Xã Cát Thành	15
1316	14062	Xã Quang Hưng	15
1317	14071	Xã Minh Thái	15
1318	14077	Xã Ninh Cường	15
1319	14089	Xã Xuân Trường	15
1320	14095	Xã Xuân Hồng	15
1321	14104	Xã Xuân Giang	15
1322	14122	Xã Xuân Hưng	15
1323	14161	Xã Giao Minh	15
1324	14167	Xã Giao Thủy	15
1325	14179	Xã Giao Hưng	15
1326	14182	Xã Giao Hòa	15
1327	14194	Xã Giao Bình	15
1328	14203	Xã Giao Phúc	15
1329	14212	Xã Giao Ninh	15
1330	14215	Xã Hải Hậu	15
1331	14218	Xã Hải Tiến	15
1332	14221	Xã Hải Thịnh	15
1333	14236	Xã Hải Anh	15
1334	14248	Xã Hải Hưng	15
1335	14281	Xã Hải An	15
1336	14287	Xã Hải Quang	15
1337	14308	Xã Hải Xuân	15
1338	14389	Xã Gia Lâm	15
1339	14401	Xã Gia Tường	15
1340	14404	Xã Cúc Phương	15
1341	14407	Xã Phú Sơn	15
1342	14428	Xã Nho Quan	15
1343	14434	Xã Thanh Sơn	15
1344	14452	Xã Quỳnh Lưu	15
1345	14458	Xã Phú Long	15
1346	14464	Xã Gia Viễn	15
1347	14482	Xã Gia Hưng	15
1348	14488	Xã Gia Vân	15
1349	14494	Xã Gia Trấn	15
1350	14500	Xã Đại Hoàng	15
1351	14524	Xã Gia Phong	15
1352	14560	Xã Yên Khánh	15
1353	14563	Xã Khánh Thiện	15
1354	14608	Xã Khánh Trung	15
1355	14611	Xã Khánh Nhạc	15
1356	14614	Xã Khánh Hội	15
1357	14620	Xã Phát Diệm	15
1358	14623	Xã Bình Minh	15
1359	14638	Xã Kim Sơn	15
1360	14647	Xã Quang Thiện	15
1361	14653	Xã Chất Bình	15
1362	14674	Xã Lai Thành	15
1363	14677	Xã Định Hóa	15
1364	14698	Xã Kim Đông	15
1365	14701	Xã Yên Mô	15
1366	14728	Xã Yên Từ	15
1367	14743	Xã Yên Mạc	15
1368	14746	Xã Đồng Thái	15
1369	14758	Phường Hàm Rồng	16
1370	14797	Phường Hạc Thành	16
1371	14812	Phường Bỉm Sơn	16
1372	14818	Phường Quang Trung	16
1373	15853	Phường Đông Tiến	16
1374	15925	Phường Nguyệt Viên	16
1375	16378	Phường Đông Sơn	16
1376	16417	Phường Đông Quang	16
1377	16516	Phường Nam Sầm Sơn	16
1378	16522	Phường Quảng Phú	16
1379	16531	Phường Sầm Sơn	16
1380	16561	Phường Tĩnh Gia	16
1381	16576	Phường Ngọc Sơn	16
1382	16594	Phường Tân Dân	16
1383	16597	Phường Hải Lĩnh	16
1384	16609	Phường Đào Duy Từ	16
1385	16624	Phường Trúc Lâm	16
1386	16645	Phường Hải Bình	16
1387	16654	Phường Nghi Sơn	16
1388	14845	Xã Mường Lát	16
1389	14848	Xã Tam Chung	16
1390	14854	Xã Mường Lý	16
1391	14857	Xã Trung Lý	16
1392	14860	Xã Quang Chiểu	16
1393	14863	Xã Pù Nhi	16
1394	14864	Xã Nhi Sơn	16
1395	14866	Xã Mường Chanh	16
1396	14869	Xã Hồi Xuân	16
1397	14872	Xã Trung Thành	16
1398	14875	Xã Trung Sơn	16
1399	14878	Xã Phú Lệ	16
1400	14890	Xã Phú Xuân	16
1401	14896	Xã Hiền Kiệt	16
1402	14902	Xã Nam Xuân	16
1403	14908	Xã Thiên Phủ	16
1404	14923	Xã Bá Thước	16
1405	14932	Xã Điền Quang	16
1406	14950	Xã Điền Lư	16
1407	14953	Xã Quý Lương	16
1408	14956	Xã Pù Luông	16
1409	14959	Xã Cổ Lũng	16
1410	14974	Xã Văn Nho	16
1411	14980	Xã Thiết Ống	16
1412	15001	Xã Trung Hạ	16
1413	15007	Xã Tam Thanh	16
1414	15010	Xã Sơn Thủy	16
1415	15013	Xã Na Mèo	16
1416	15016	Xã Quan Sơn	16
1417	15019	Xã Tam Lư	16
1418	15022	Xã Sơn Điện	16
1419	15025	Xã Mường Mìn	16
1420	15031	Xã Yên Khương	16
1421	15034	Xã Yên Thắng	16
1422	15043	Xã Giao An	16
1423	15049	Xã Văn Phú	16
1424	15055	Xã Linh Sơn	16
1425	15058	Xã Đồng Lương	16
1426	15061	Xã Ngọc Lặc	16
1427	15085	Xã Thạch Lập	16
1428	15091	Xã Ngọc Liên	16
1429	15106	Xã Nguyệt Ấn	16
1430	15112	Xã Kiên Thọ	16
1431	15124	Xã Minh Sơn	16
1432	15127	Xã Cẩm Thủy	16
1433	15142	Xã Cẩm Thạch	16
1434	15148	Xã Cẩm Tú	16
1435	15163	Xã Cẩm Vân	16
1436	15178	Xã Cẩm Tân	16
1437	15187	Xã Kim Tân	16
1438	15190	Xã Vân Du	16
1439	15199	Xã Thạch Quảng	16
1440	15211	Xã Thạch Bình	16
1441	15229	Xã Thành Vinh	16
1442	15250	Xã Ngọc Trạo	16
1443	15271	Xã Hà Trung	16
1444	15274	Xã Hà Long	16
1445	15286	Xã Hoạt Giang	16
1446	15298	Xã Lĩnh Toại	16
1447	15316	Xã Tống Sơn	16
1448	15349	Xã Vĩnh Lộc	16
1449	15361	Xã Tây Đô	16
1450	15382	Xã Biện Thượng	16
1451	15409	Xã Yên Phú	16
1452	15412	Xã Quý Lộc	16
1453	15421	Xã Yên Trường	16
1454	15442	Xã Yên Ninh	16
1455	15448	Xã Định Hòa	16
1456	15457	Xã Định Tân	16
1457	15469	Xã Yên Định	16
1458	15499	Xã Thọ Xuân	16
1459	15505	Xã Thọ Long	16
1460	15520	Xã Xuân Hòa	16
1461	15544	Xã Lam Sơn	16
1462	15553	Xã Sao Vàng	16
1463	15568	Xã Thọ Lập	16
1464	15574	Xã Xuân Tín	16
1465	15592	Xã Xuân Lập	16
1466	15607	Xã Bát Mọt	16
1467	15610	Xã Yên Nhân	16
1468	15622	Xã Vạn Xuân	16
1469	15628	Xã Lương Sơn	16
1470	15634	Xã Luận Thành	16
1471	15643	Xã Thắng Lộc	16
1472	15646	Xã Thường Xuân	16
1473	15658	Xã Xuân Chinh	16
1474	15661	Xã Tân Thành	16
1475	15664	Xã Triệu Sơn	16
1476	15667	Xã Thọ Bình	16
1477	15682	Xã Hợp Tiến	16
1478	15715	Xã Tân Ninh	16
1479	15724	Xã Đồng Tiến	16
1480	15754	Xã Thọ Ngọc	16
1481	15763	Xã Thọ Phú	16
1482	15766	Xã An Nông	16
1483	15772	Xã Thiệu Hóa	16
1484	15778	Xã Thiệu Tiến	16
1485	15796	Xã Thiệu Quang	16
1486	15820	Xã Thiệu Toán	16
1487	15835	Xã Thiệu Trung	16
1488	15865	Xã Hoằng Hóa	16
1489	15880	Xã Hoằng Giang	16
1490	15889	Xã Hoằng Phú	16
1491	15910	Xã Hoằng Sơn	16
1492	15961	Xã Hoằng Lộc	16
1493	15976	Xã Hoằng Châu	16
1494	15991	Xã Hoằng Tiến	16
1495	16000	Xã Hoằng Thanh	16
1496	16012	Xã Hậu Lộc	16
1497	16021	Xã Triệu Lộc	16
1498	16033	Xã Đông Thành	16
1499	16072	Xã Hoa Lộc	16
1500	16078	Xã Vạn Lộc	16
1501	16093	Xã Nga Sơn	16
1502	16108	Xã Tân Tiến	16
1504	16138	Xã Hồ Vương	16
1505	16144	Xã Nga An	16
1506	16171	Xã Ba Đình	16
1507	16174	Xã Như Xuân	16
1508	16177	Xã Xuân Bình	16
1509	16186	Xã Hóa Quỳ	16
1510	16213	Xã Thanh Phong	16
1511	16222	Xã Thanh Quân	16
1512	16225	Xã Thượng Ninh	16
1513	16228	Xã Như Thanh	16
1514	16234	Xã Xuân Du	16
1515	16249	Xã Mậu Lâm	16
1516	16258	Xã Xuân Thái	16
1517	16264	Xã Yên Thọ	16
1518	16273	Xã Thanh Kỳ	16
1519	16279	Xã Nông Cống	16
1520	16297	Xã Trung Chính	16
1521	16309	Xã Thắng Lợi	16
1522	16342	Xã Thăng Bình	16
1523	16348	Xã Trường Văn	16
1524	16363	Xã Tượng Lĩnh	16
1525	16369	Xã Công Chính	16
1526	16438	Xã Lưu Vệ	16
1527	16480	Xã Quảng Yên	16
1528	16489	Xã Quảng Chính	16
1529	16498	Xã Quảng Ngọc	16
1530	16540	Xã Quảng Ninh	16
1531	16543	Xã Quảng Bình	16
1532	16549	Xã Tiên Trang	16
1533	16591	Xã Các Sơn	16
1534	16636	Xã Trường Lâm	16
1535	16681	Phường Thành Vinh	17
1536	16690	Phường Trường Vinh	17
1537	16702	Phường Vinh Phú	17
1538	16708	Phường Vinh Lộc	17
1539	16732	Phường Cửa Lò	17
1540	16939	Phường Thái Hòa	17
1541	17011	Phường Tây Hiếu	17
1542	17110	Phường Hoàng Mai	17
1543	17125	Phường Quỳnh Mai	17
1544	17128	Phường Tân Mai	17
1545	17920	Phường Vinh Hưng	17
1546	16738	Xã Quế Phong	17
1547	16744	Xã Thông Thụ	17
1548	16750	Xã Tiền Phong	17
1549	16756	Xã Tri Lễ	17
1550	16774	Xã Mường Quàng	17
1551	16777	Xã Quỳ Châu	17
1552	16792	Xã Châu Tiến	17
1553	16801	Xã Hùng Chân	17
1554	16804	Xã Châu Bình	17
1555	16813	Xã Mường Xén	17
1556	16816	Xã Mỹ Lý	17
1557	16819	Xã Bắc Lý	17
1558	16822	Xã Keng Đu	17
1559	16828	Xã Huồi Tụ	17
1560	16831	Xã Mường Lống	17
1561	16834	Xã Na Loi	17
1562	16837	Xã Nậm Cắn	17
1563	16849	Xã Hữu Kiệm	17
1564	16855	Xã Chiêu Lưu	17
1565	16858	Xã Mường Típ	17
1566	16870	Xã Na Ngoi	17
1567	16876	Xã Tương Dương	17
1568	16882	Xã Nhôn Mai	17
1569	16885	Xã Hữu Khuông	17
1570	16903	Xã Nga My	17
1571	16906	Xã Lượng Minh	17
1572	16909	Xã Yên Hòa	17
1573	16912	Xã Yên Na	17
1574	16933	Xã Tam Quang	17
1575	16936	Xã Tam Thái	17
1576	16941	Xã Nghĩa Đàn	17
1577	16951	Xã Nghĩa Lâm	17
1578	16969	Xã Nghĩa Thọ	17
1579	16972	Xã Nghĩa Hưng	17
1580	16975	Xã Nghĩa Mai	17
1581	17017	Xã Đông Hiếu	17
1582	17029	Xã Nghĩa Lộc	17
1583	17032	Xã Nghĩa Khánh	17
1584	17035	Xã Quỳ Hợp	17
1585	17044	Xã Châu Hồng	17
1586	17056	Xã Châu Lộc	17
1587	17059	Xã Tam Hợp	17
1588	17071	Xã Minh Hợp	17
1589	17077	Xã Mường Ham	17
1590	17089	Xã Mường Chọng	17
1591	17143	Xã Quỳnh Văn	17
1592	17149	Xã Quỳnh Tam	17
1593	17170	Xã Quỳnh Sơn	17
1594	17176	Xã Quỳnh Anh	17
1595	17179	Xã Quỳnh Lưu	17
1596	17212	Xã Quỳnh Phú	17
1597	17224	Xã Quỳnh Thắng	17
1598	17230	Xã Bình Chuẩn	17
1599	17239	Xã Mậu Thạch	17
1600	17242	Xã Cam Phục	17
1601	17248	Xã Châu Khê	17
1602	17254	Xã Con Cuông	17
1603	17263	Xã Môn Sơn	17
1604	17266	Xã Tân Kỳ	17
1605	17272	Xã Tân Phú	17
1606	17278	Xã Giai Xuân	17
1607	17284	Xã Nghĩa Đồng	17
1608	17287	Xã Tiên Đồng	17
1609	17305	Xã Tân An	17
1610	17326	Xã Nghĩa Hành	17
1611	17329	Xã Anh Sơn	17
1612	17335	Xã Thành Bình Thọ	17
1613	17344	Xã Nhân Hòa	17
1614	17357	Xã Vĩnh Tường	17
1615	17365	Xã Anh Sơn Đông	17
1616	17380	Xã Yên Xuân	17
1617	17395	Xã Hùng Châu	17
1618	17416	Xã Đức Châu	17
1619	17419	Xã Hải Châu	17
1620	17443	Xã Quảng Châu	17
1621	17464	Xã Diễn Châu	17
1622	17476	Xã Minh Châu	17
1623	17479	Xã An Châu	17
1624	17488	Xã Tân Châu	17
1625	17506	Xã Yên Thành	17
1626	17515	Xã Bình Minh	17
1627	17521	Xã Quang Đồng	17
1628	17524	Xã Giai Lạc	17
1629	17530	Xã Đông Thành	17
1630	17560	Xã Vân Du	17
1631	17569	Xã Quan Thành	17
1632	17605	Xã Hợp Minh	17
1633	17611	Xã Vân Tụ	17
1634	17623	Xã Bạch Ngọc	17
1635	17641	Xã Lương Sơn	17
1636	17662	Xã Đô Lương	17
1637	17677	Xã Văn Hiến	17
1638	17689	Xã Thuần Trung	17
1639	17707	Xã Bạch Hà	17
1640	17713	Xã Đại Đồng	17
1641	17722	Xã Hạnh Lâm	17
1642	17728	Xã Cát Ngạn	17
1643	17743	Xã Tam Đồng	17
1644	17759	Xã Sơn Lâm	17
1645	17770	Xã Hoa Quân	17
1646	17779	Xã Xuân Lâm	17
1647	17791	Xã Kim Bảng	17
1648	17818	Xã Bích Hào	17
1649	17827	Xã Nghi Lộc	17
1650	17833	Xã Hải Lộc	17
1651	17842	Xã Thần Lĩnh	17
1652	17854	Xã Văn Kiều	17
1653	17857	Xã Phúc Lộc	17
1654	17866	Xã Trung Lộc	17
1655	17878	Xã Đông Lộc	17
1656	17935	Xã Nam Đàn	17
1657	17944	Xã Đại Huệ	17
1658	17950	Xã Vạn An	17
1659	17971	Xã Kim Liên	17
1660	17989	Xã Thiên Nhẫn	17
1661	18001	Xã Hưng Nguyên	17
1662	18007	Xã Yên Trung	17
1663	18028	Xã Hưng Nguyên Nam	17
1664	18040	Xã Lam Thành	17
1665	18073	Phường Thành Sen	18
1666	18100	Phường Trần Phú	18
1667	18115	Phường Bắc Hồng Lĩnh	18
1668	18118	Phường Nam Hồng Lĩnh	18
1669	18652	Phường Hà Huy Tập	18
1670	18754	Phường Sông Trí	18
1671	18781	Phường Hải Ninh	18
1672	18823	Phường Vũng Áng	18
1673	18832	Phường Hoành Sơn	18
1674	18133	Xã Hương Sơn	18
1675	18160	Xã Sơn Hồng	18
1676	18163	Xã Sơn Tiến	18
1677	18172	Xã Sơn Tây	18
1678	18184	Xã Sơn Giang	18
1679	18196	Xã Sơn Kim 1	18
1680	18199	Xã Sơn Kim 2	18
1681	18202	Xã Tứ Mỹ	18
1682	18223	Xã Kim Hoa	18
1683	18229	Xã Đức Thọ	18
1684	18244	Xã Đức Minh	18
1685	18262	Xã Đức Quang	18
1686	18277	Xã Đức Thịnh	18
1687	18304	Xã Đức Đồng	18
1688	18313	Xã Vũ Quang	18
1689	18322	Xã Mai Hoa	18
1690	18328	Xã Thượng Đức	18
1691	18352	Xã Nghi Xuân	18
1692	18364	Xã Đan Hải	18
1693	18373	Xã Tiên Điền	18
1694	18394	Xã Cổ Đạm	18
1695	18406	Xã Can Lộc	18
1696	18409	Xã Hồng Lộc	18
1697	18418	Xã Tùng Lộc	18
1698	18436	Xã Trường Lưu	18
1699	18466	Xã Gia Hanh	18
1700	18481	Xã Xuân Lộc	18
1701	18484	Xã Đồng Lộc	18
1702	18496	Xã Hương Khê	18
1703	18502	Xã Hà Linh	18
1704	18523	Xã Hương Bình	18
1705	18532	Xã Hương Phố	18
1706	18544	Xã Hương Xuân	18
1707	18547	Xã Phúc Trạch	18
1708	18550	Xã Hương Đô	18
1709	18562	Xã Thạch Hà	18
1710	18568	Xã Lộc Hà	18
1711	18583	Xã Mai Phụ	18
1712	18586	Xã Đông Kinh	18
1713	18601	Xã Việt Xuyên	18
1714	18604	Xã Thạch Khê	18
1715	18619	Xã Đồng Tiến	18
1716	18628	Xã Thạch Lạc	18
1717	18634	Xã Toàn Lưu	18
1718	18667	Xã Thạch Xuân	18
1719	18673	Xã Cẩm Xuyên	18
1720	18676	Xã Thiên Cầm	18
1721	18682	Xã Yên Hòa	18
1722	18685	Xã Cẩm Bình	18
1723	18736	Xã Cẩm Hưng	18
1724	18739	Xã Cẩm Duệ	18
1725	18742	Xã Cẩm Trung	18
1726	18748	Xã Cẩm Lạc	18
1727	18766	Xã Kỳ Xuân	18
1728	18775	Xã Kỳ Anh	18
1729	18787	Xã Kỳ Văn	18
1730	18790	Xã Kỳ Khang	18
1731	18814	Xã Kỳ Hoa	18
1732	18838	Xã Kỳ Lạc	18
1733	18844	Xã Kỳ Thượng	18
1734	18859	Phường Đồng Thuận	19
1735	18871	Phường Đồng Sơn	19
1736	18880	Phường Đồng Hới	19
1737	19009	Phường Ba Đồn	19
1738	19066	Phường Bắc Gianh	19
1739	19333	Phường Đông Hà	19
1740	19351	Phường Nam Đông Hà	19
1741	19360	Phường Quảng Trị	19
1742	18901	Xã Minh Hóa	19
1743	18904	Xã Dân Hóa	19
1744	18919	Xã Tân Thành	19
1745	18922	Xã Kim Điền	19
1746	18943	Xã Kim Phú	19
1747	18949	Xã Đồng Lê	19
1748	18952	Xã Tuyên Sơn	19
1749	18958	Xã Tuyên Lâm	19
1750	18985	Xã Tuyên Phú	19
1751	18991	Xã Tuyên Bình	19
1752	18997	Xã Tuyên Hóa	19
1753	19021	Xã Phú Trạch	19
1754	19030	Xã Trung Thuần	19
1755	19033	Xã Hòa Trạch	19
1756	19051	Xã Tân Gianh	19
1757	19057	Xã Quảng Trạch	19
1758	19075	Xã Nam Ba Đồn	19
1759	19093	Xã Nam Gianh	19
1760	19111	Xã Hoàn Lão	19
1761	19126	Xã Bắc Trạch	19
1762	19138	Xã Phong Nha	19
1763	19141	Xã Bố Trạch	19
1764	19147	Xã Thượng Trạch	19
1765	19159	Xã Đông Trạch	19
1766	19198	Xã Nam Trạch	19
1767	19204	Xã Trường Sơn	19
1768	19207	Xã Quảng Ninh	19
1769	19225	Xã Ninh Châu	19
1770	19237	Xã Trường Ninh	19
1771	19246	Xã Lệ Ninh	19
1772	19249	Xã Lệ Thủy	19
1773	19255	Xã Cam Hồng	19
1774	19288	Xã Sen Ngư	19
1775	19291	Xã Tân Mỹ	19
1776	19309	Xã Trường Phú	19
1777	19318	Xã Kim Ngân	19
1778	19363	Xã Vĩnh Linh	19
1779	19366	Xã Bến Quan	19
1780	19372	Xã Vĩnh Hoàng	19
1781	19405	Xã Vĩnh Thủy	19
1782	19414	Xã Cửa Tùng	19
1783	19429	Xã Khe Sanh	19
1784	19432	Xã Lao Bảo	19
1785	19435	Xã Hướng Lập	19
1786	19441	Xã Hướng Phùng	19
1787	19462	Xã Tân Lập	19
1788	19483	Xã A Dơi	19
1789	19489	Xã Lìa	19
1790	19495	Xã Gio Linh	19
1791	19496	Xã Cửa Việt	19
1792	19501	Xã Bến Hải	19
1793	19537	Xã Cồn Tiên	19
1794	19555	Xã Hướng Hiệp	19
1795	19564	Xã Đakrông	19
1796	19567	Xã Ba Lòng	19
1797	19588	Xã Tà Rụt	19
1798	19594	Xã La Lay	19
1799	19597	Xã Cam Lộ	19
1800	19603	Xã Hiếu Giang	19
1801	19624	Xã Triệu Phong	19
1802	19639	Xã Nam Cửa Việt	19
1803	19645	Xã Triệu Bình	19
1804	19654	Xã Triệu Cơ	19
1805	19669	Xã Ái Tử	19
1806	19681	Xã Diên Sanh	19
1807	19699	Xã Vĩnh Định	19
1808	19702	Xã Hải Lăng	19
1809	19735	Xã Nam Hải Lăng	19
1810	19741	Xã Mỹ Thủy	19
1811	19742	Đặc khu Cồn Cỏ	19
1812	19753	Phường Phú Xuân	20
1813	19774	Phường Kim Long	20
1814	19777	Phường Vỹ Dạ	20
1815	19789	Phường Thuận Hóa	20
1816	19804	Phường Hương An	20
1817	19813	Phương Thủy Xuân	20
1818	19815	Phường An Cựu	20
1819	19819	Phường Phong Điền	20
1820	19828	Phường Phong Phú	20
1821	19831	Phường Phong Dinh	20
1822	19858	Phường Phong Thái	20
1823	19873	Phường Phong Quảng	20
1824	19900	Phường Thuận An	20
1825	19909	Phường Dương Nỗ	20
1826	19930	Phường Mỹ Thượng	20
1827	19960	Phường Phú Bài	20
1828	19969	Phường Thanh Thủy	20
1829	19975	Phường Hương Thủy	20
1830	19996	Phường Hương Trà	20
1831	20014	Phường Hóa Châu	20
1832	20017	Phường Kim Trà	20
1833	19867	Xã Quảng Điền	20
1834	19885	Xã Đan Điền	20
1835	19918	Xã Phú Hồ	20
1836	19942	Xã Phú Vang	20
1837	19945	Xã Phú Vinh	20
1838	20035	Xã Bình Điền	20
1839	20044	Xã A Lưới 2	20
1840	20050	Xã A Lưới 5	20
1841	20056	Xã A Lưới 1	20
1842	20071	Xã A Lưới 3	20
1843	20101	Xã A Lưới 4	20
1844	20107	Xã Phú Lộc	20
1845	20122	Xã Vinh Lộc	20
1846	20131	Xã Hưng Lộc	20
1847	20137	Xã Chân Mây-Lăng Cô	20
1848	20140	Xã Lộc An	20
1849	20161	Xã Khe Tre	20
1850	20179	Xã Nam Đông	20
1851	20182	Xã Long Quảng	20
1852	20194	Phường Hải Vân	21
1853	20197	Phường Liên Chiểu	21
1854	20200	Phường Hòa Khánh	21
1855	20209	Phường Thanh Khê	21
1856	20242	Phường Hải Châu	21
1857	20257	Phường Hòa Cường	21
1858	20260	Phường Cẩm Lệ	21
1859	20263	Phường Sơn Trà	21
1860	20275	Phường An Hải	21
1861	20285	Phường Ngũ Hành Sơn	21
1862	20305	Phường An Khê	21
1863	20314	Phường Hòa Xuân	21
1864	20335	Phường Bàn Thạch	21
1865	20341	Phường Tam Kỳ	21
1866	20350	Phường Hương Trà	21
1867	20356	Phường Quảng Phú	21
1868	20401	Phường Hội An Tây	21
1869	20410	Phường Hội An	21
1870	20413	Phường Hội An Đông	21
1871	20551	Phường Điện Bàn	21
1872	20557	Phường Điện Bàn Bắc	21
1873	20575	Phường An Thắng	21
1874	20579	Phường Điện Bàn Đông	21
1875	20308	Xã Bà Nà	21
1876	20320	Xã Hòa Vang	21
1877	20332	Xã Hòa Tiến	21
1878	20364	Xã Chiến Đàn	21
1879	20380	Xã Tây Hồ	21
1880	20392	Xã Phú Ninh	21
1881	20434	Xã Tân Hiệp	21
1882	20443	Xã Hùng Sơn	21
1883	20455	Xã Tây Giang	21
1884	20458	Xã A vương	21
1885	20467	Xã Đông Giang	21
1886	20476	Xã Sông Kôn	21
1887	20485	Xã Sông Vàng	21
1888	20494	Xã Bến Hiên	21
1889	20500	Xã Đại Lộc	21
1890	20506	Xã Thượng Đức	21
1891	20515	Xã Hà Nha	21
1892	20539	Xã Vu Gia	21
1893	20542	Xã Phú Thuận	21
1894	20569	Xã Điện Bàn Tây	21
1895	20587	Xã Gò Nổi	21
1896	20599	Xã Nam Phước	21
1897	20611	Xã Thu Bồn	21
1898	20623	Xã Duy Xuyên	21
1899	20635	Xã Duy Nghĩa	21
1900	20641	Xã Quế Sơn	21
1901	20650	Xã Xuân Phú	21
1902	20656	Xã Nông Sơn	21
1903	20662	Xã Quế Sơn Trung	21
1904	20669	Xã Quế Phước	21
1905	20695	Xã Thạnh Mỹ	21
1906	20698	Xã La Êê	21
1907	20704	Xã La Dêê	21
1908	20707	Xã Nam Giang	21
1909	20710	Xã Bến Giằng	21
1910	20716	Xã Đắc Pring	21
1911	20722	Xã Khâm Đức	21
1912	20728	Xã Phước Hiệp	21
1913	20734	Xã Phước Năng	21
1914	20740	Xã Phước Chánh	21
1915	20752	Xã Phước Thành	21
1916	20767	Xã Việt An	21
1917	20770	Xã Phước Trà	21
1918	20779	Xã Hiệp Đức	21
1919	20791	Xã Thăng Bình	21
1920	20794	Xã Thăng An	21
1921	20818	Xã Đồng Dương	21
1922	20827'	Xã Thăng Phú	21
1923	20836	Xã Thăng Trường	21
1924	20848	Xã Thăng Điền	21
1925	20854	Xã Tiên Phước	21
1926	20857	Xã Sơn Cẩm Hà	21
1927	20875	Xã Lãnh Ngọc	21
1928	20878	Xã Thạnh Bình	21
1929	20900	Xã Trà My	21
1930	20908	Xã Trà Liên	21
1931	20920	Xã Trà Đốc	21
1932	20923	Xã Trà Tân	21
1933	20929	Xã Trà Giáp	21
1934	20938	Xã Trà Leng	21
1935	20941	Xã Trà Tập	21
1936	20944	Xã Nam Trà My	21
1937	20950	Xã Trà Linh	21
1938	20959	Xã Trà Vân	21
1939	20965	Xã Núi Thành	21
1940	20971	Xã Tam Xuân	21
1941	20977	Xã Đức Phú	21
1942	20984	Xã Tam Anh	21
1943	20992	Xã Tam Hải	21
1944	21004	Xã Tam Mỹ	21
1945	20333	Đặc khu Hoàng Sa	21
1946	21025	Phường Cẩm Thành	22
1947	21028	Phường Nghĩa Lộ	22
1948	21172	Phường Trương Quang Trọng	22
1949	21439	Phường Đức Phổ	22
1950	21451	Phường Trà Câu	22
1951	21478	Phường Sa Huỳnh	22
1952	23284	Phường Đăk Cấm	22
1953	23293	Phường Kon Tum	22
1954	23302	Phường Đăk Bla	22
1955	21034	Xã An Phú	22
1956	21040	Xã Bình Sơn	22
1957	21061	Xã Vạn Tường	22
1958	21085	Xã Bình Minh	22
1959	21100	Xã Bình Chương	22
1960	21109	Xã Đông Sơn	22
1961	21115	Xã Trà Bồng	22
1962	21124	Xã Thanh Bồng	22
1963	21127	Xã Đông Trà Bồng	22
1964	21136	Xã Cà Đam	22
1965	21154	Xã Tây Trà	22
1966	21157	Xã Tây Trà Bồng	22
1967	21181	Xã Thọ Phong	22
1968	21196	Xã Trường Giang	22
1969	21205	Xã Ba Gia	22
1970	21211	Xã Tịnh Khê	22
1971	21220	Xã Sơn Tịnh	22
1972	21235	Xã Tư Nghĩa	22
1973	21238	Xã Vệ Giang	22
1974	21244	Xã Trà Giang	22
1975	21250	Xã Nghĩa Giang	22
1976	21289	Xã Sơn Hà	22
1977	21292	Xã Sơn Hạ	22
1978	21307	Xã Sơn Linh	22
1979	21319	Xã Sơn Thủy	22
1980	21325	Xã Sơn Kỳ	22
1981	21334	Xã Sơn Tây Thượng	22
1982	21340	Xã Sơn Tây	22
1983	21343	Xã Sơn Tây Hạ	22
1984	21349	Xã Sơn Mai	22
1985	21361	Xã Minh Long	22
1986	21364	Xã Nghĩa Hành	22
1987	21370	Xã Phước Giang	22
1988	21385	Xã Đình Cương	22
1989	21388	Xã Thiện Tín	22
1990	21400	Xã Mộ Đức	22
1991	21409	Xã Long Phụng	22
1992	21421	Xã Mỏ Cày	22
1993	21433	Xã Lân Phong	22
1994	21457	Xã Nguyễn Nghiêm	22
1995	21472	Xã Khánh Cường	22
1996	21484	Xã Ba Tơ	22
1997	21490	Xã Ba Vinh	22
1998	21496	Xã Ba Động	22
1999	21499	Xã Ba Dinh	22
2000	21520	Xã Đặng Thùy Trâm	22
2001	21523	Xã Ba Tô	22
2002	21529	Xã Ba Vì	22
2003	21538	Xã Ba Xa	22
2004	23317	Xã Ngọk Bay	22
2005	23326	Xã la Chim	22
2006	23332	Xã Đăk Rơ Wa	22
2007	23341	Xã Đăk Pék	22
2008	23344	Xã Đăk Plô	22
2009	23356	Xã Xốp	22
2010	23365	Xã Ngọc Linh	22
2011	23368	Xã Đăk Long	22
2012	23374	Xã Đăk Môn	22
2013	23377	Xã Bờ Y	22
2014	23383	Xã Dục Nông	22
2015	23392	Xã Sa Loong	22
2016	23401	Xã Đăk Tô	22
2017	23416	Xã Đăk Sao	22
2018	23419	Xã Đăk Tờ Kan	22
2019	23425	Xã Tu Mơ Rông	22
2020	23428	Xã Ngọk Tụ	22
2021	23430	Xã Kon Đào	22
2022	23446	Xã Măng Ri	22
2023	23455	Xã Măng Bút	22
2024	23473	Xã Măng Đen	22
2025	23476	Xã Kon Plông	22
2026	23479	Xã Đăk Rve	22
2027	23485	Xã Đăk Kôi	22
2028	23497	Xã Kon Braih	22
2029	23500	Xã Đăk Hà	22
2030	23504	Xã Đăk Pxi	22
2031	23510	Xã Đăk Ui	22
2032	23512	Xã Đăk Mar	22
2033	23515	Xã Ngọk Réo	22
2034	23527	Xã Sa Thầy	22
2035	23530	Xã Rờ Kơi	22
2036	23534	Xã Sa Bình	22
2037	23535	Xã la Đal	22
2038	23536	Xã Mô Rai	22
2039	23538	Xã la Tơi	22
2040	23548	Xã Ya Ly	22
2041	21548	Đặc khu Lý Sơn	22
2042	21553	Phường Quy Nhơn Bắc	23
2043	21583	Phường Quy Nhơn	23
2044	21589	Phường Quy Nhơn Tây	23
2045	21592	Phường Quy Nhơn Nam	23
2046	21601	Phường Quy Nhơn Đông	23
2047	21637	Phường Tam Quan	23
2048	21640	Phường Bồng Sơn	23
2049	21655	Phường Hoài Nhơn Bắc	23
2050	21661	Phường Hoài Nhơn Tây	23
2051	21664	Phường Hoài Nhơn	23
2052	21670	Phường Hoài Nhơn Đông	23
2053	21673	Phường Hoài Nhơn Nam	23
2054	21907	Phường Bình Định	23
2055	21910	Phường An Nhơn	23
2056	21925	Phường An Nhơn Bắc	23
2057	21934	Phường An Nhơn Đông	23
2058	21943	Phường An Nhơn Nam	23
2059	23563	Phường Diên Hồng	23
2060	23575	Phường Pleiku	23
2061	23584	Phường Thống Nhất	23
2062	23586	Phường Hội Phú	23
2063	23602	Phường An Phú	23
2064	23614	Phường An Bình	23
2065	23617	Phường An Khê	23
2066	24044	Phường Ayun Pa	23
2067	21607	Xã Nhơn Châu	23
2068	21609	Xã An Lão	23
2069	21616	Xã An Vinh	23
2070	21622	Xã An Toàn	23
2071	21628	Xã An Hòa	23
2072	21688	Xã Hoài Ân	23
2073	21697	Xã Ân Hảo	23
2074	21703	Xã Vạn Đức	23
2075	21715	Xã Ân Tường	23
2076	21727	Xã Kim Sơn	23
2077	21730	Xã Phù Mỹ	23
2078	21733	Xã Bình Dương	23
2079	21739	Xã Phù Mỹ Bắc	23
2080	21751	Xã Phù Mỹ Đông	23
2081	21757	Xã Phù Mỹ Tây	23
2082	21769	Xã An Lương	23
2083	21775	Xã Phù Mỹ Nam	23
2084	21786	Xã Vĩnh Thạnh	23
2085	21787	Xã Vĩnh Sơn	23
2086	21796	Xã Vĩnh Thịnh	23
2087	21805	Xã Vĩnh Quang	23
2088	21808	Xã Tây Sơn	23
2089	21817	Xã Bình Hiệp	23
2090	21820	Xã Bình Khê	23
2091	21829	Xã Bình An	23
2092	21835	Xã Bình Phú	23
2093	21853	Xã Phù Cát	23
2094	21859	Xã Đề Gi	23
2095	21868	Xã Hội Sơn	23
2096	21871	Xã Hòa Hội	23
2097	21880	Xã Cát Tiến	23
2098	21892	Xã Xuân An	23
2099	21901	Xã Ngô Mây	23
2100	21940	Xã An Nhơn Tây	23
2101	21952	Xã Tuy Phước	23
2102	21964	Xã Tuy Phước Bắc	23
2103	21970	Xã Tuy Phước Đông	23
2104	21985	Xã Tuy Phước Tây	23
2105	21994	Xã Vân Canh	23
2106	21997	Xã Canh Liên	23
2107	22006	Xã Canh Vinh	23
2108	23590	Xã Biển Hồ	23
2109	23611	Xã Gào	23
2110	23629	Xã Cửu An	23
2111	23638	Xã Kbang	23
2112	23644	Xã Đak Rong	23
2113	23647	Xã Sơn Lang	23
2114	23650	Xã Krong	23
2115	23668	Xã Tơ Tung	23
2116	23674	Xã Kông Bơ La	23
2117	23677	Xã Đak Đoa	23
2118	23683	Xã Đak Sơmei	23
2119	23701	Xã Kon Gang	23
2120	23710	Xã la Băng	23
2121	23714	Xã KDang	23
2122	23722	Xã Chư Păh	23
2123	23728	Xã Ia Khươl	23
2124	23734	Xã Ia Ly	23
2125	23938	Xã Ia Mơ	23
2126	23749	Xã Ia Phí	23
2127	23764	Xã Ia Grai	23
2128	23767	Xã Ia Hrung	23
2129	23776	Xã Ia Krái	23
2130	23782	Xã Ia O	23
2131	23788	Xã Ia Chia	23
2132	23794	Xã Mang Yang	23
2133	23798	Xã Ayun	23
2134	23799	Xã Hra	23
2135	23812	Xã Lơ Pang	23
2136	23818	Xã Kon Chiêng	23
2137	23824	Xã Kông Chro	23
2138	23830	Xã Chư Krey	23
2139	23833	Xã Ya Ma	23
2140	23839	Xã SRó	23
2141	23842	Xã Đăk Song	23
2142	23851	Xã Chơ Long	23
2143	23857	Xã Đức Cơ	23
2144	23866	Xã Ia Krêl	23
2145	23869	Xã Ia Dơk	23
2146	23872	Xã Ia Dom	23
2147	23881	Xã Ia Pnôn	23
2148	23884	Xã Ia Nan	23
2149	23887	Xã Chư Prông	23
2150	23896	Xã Bàu Cạn	23
2151	23908	Xã Ia Tôr	23
2152	23911	Xã Ia Boòng	23
2153	23917	Xã Ia Púch	23
2154	23926	Xã Ia Pia	23
2155	23935	Xã Ia Lâu	23
2156	23941	Xã Chư Sê	23
2157	23942	Xã Chư Pưh	23
2158	23947	Xã Bờ Ngoong	23
2159	23954	Xã AI Bá	23
2160	23971	Xã Ia Hrú	23
2161	23977	Xã Ia Ko	23
2162	23986	Xã Ia Le	23
2163	23995	Xã Đak Pơ	23
2164	24007	Xã Ya Hội	23
2165	24013	Xã Pờ Tó	23
2166	24022	Xã Ia Pa	23
2167	24028	Xã Ia Tul	23
2168	24043	Xã Phú Thiện	23
2169	24049	Xã Chư A Thai	23
2170	24061	Xã Ia Hiao	23
2171	24065	Xã Ia Rbol	23
2172	24073	Xã Ia Sao	23
2173	24076	Xã Phú Túc	23
2174	24100	Xã Ia Dreh	23
2175	24109	Xã Uar	23
2176	24112	Xã Ia Rsai	23
2177	22333	Phường Bắc Nha Trang	24
2178	22366	Phường Nha Trang	24
2179	22390	Phường Tây Nha Trang	24
2180	22402	Phường Nam Nha Trang	24
2181	22411	Phường Bắc Cam Ranh	24
2182	22420	Phường Cam Ranh	24
2183	22423	Phường Ba Ngòi	24
2184	22432	Phường Cam Linh	24
2185	22528	Phường Ninh Hòa	24
2186	22561	Phường Đông Ninh Hòa	24
2187	22591	Phường Hòa Thắng	24
2188	22738	Phường Đô Vinh	24
2189	22741	Phường Bảo An	24
2190	22759	Phường Phan Rang	24
2191	22780	Phường Đông Hải	24
2192	22834	Phường Ninh Chử	24
2193	22435	Xã Cam Hiệp	24
2194	22453	Xã Cam Lâm	24
2195	22465	Xã Cam An	24
2196	22480	Xã Nam Cam Ranh	24
2197	22489	Xã Vạn Ninh	24
2198	22498	Xã Tu Bông	24
2199	22504	Xã Đại Lãnh	24
2200	22516	Xã Vạn Thắng	24
2201	22525	Xã Vạn Hưng	24
2202	22546	Xã Bắc Ninh Hòa	24
2203	22552	Xã Tây Ninh Hòa	24
2204	22558	Xã Hòa Trí	24
2205	22576	Xã Tân Định	24
2206	22597	Xã Nam Ninh Hòa	24
2207	22609	Xã Khánh Vĩnh	24
2208	22612	Xã Trung Khánh Vĩnh	24
2209	22615	Xã Bắc Khánh Vĩnh	24
2210	22624	Xã Tây Khánh Vĩnh	24
2211	22648	Xã Nam Khánh Vĩnh	24
2212	22651	Xã Diên Khánh	24
2213	22657	Xã Diên Điền	24
2214	22660	Xã Diên Lâm	24
2215	22672	Xã Diên Thọ	24
2216	22678	Xã Diên Lạc	24
2217	22702	Xã Suối Hiệp	24
2218	22708	Xã Suối Dầu	24
2219	22714	Xã Khánh Sơn	24
2220	22720	Xã Tây Khánh Sơn	24
2221	22732	Xã Đông Khánh Sơn	24
2222	22786	Xã Bác Ái Tây	24
2223	22795	Xã Bác Ái	24
2224	22801	Xã Bác Ái Đông	24
2225	22810	Xã Ninh Sơn	24
2226	22813	Xã Lâm Sơn	24
2227	22822	Xã Mỹ Sơn	24
2228	22828	Xã Anh Dũng	24
2229	22840	Xã Công Hải	24
2230	22846	Xã Vĩnh Hải	24
2231	22849	Xã Thuận Bắc	24
2232	22852	Xã Ninh Hải	24
2233	22861	Xã Xuân Hải	24
2234	22870	Xã Ninh Phước	24
2235	22873	Xã Phước Hậu	24
2236	22888	Xã Phước Dinh	24
2237	22891	Xã Phước Hữu	24
2238	22897	Xã Thuận Nam	24
2239	22900	Xã Phước Hà	24
2240	22909	Xã Cà Ná	24
2241	22736	Đặc khu Trường Sa	24
2242	22015	Phường Tuy Hòa	25
2243	22045	Phường Bình Kiến	25
2244	22051	Phường Sông Cầu	25
2245	22076	Phường Xuân Đài	25
2246	22240	Phường Phú Yên	25
2247	22258	Phường Đông Hòa	25
2248	22261	Phường Hòa Hiệp	25
2249	24121	Phường Tân Lập	25
2250	24133	Phường Buôn Ma Thuột	25
2251	24154	Phường Thành Nhất	25
2252	24163	Phường Tân An	25
2253	24169	Phường Ea Kao	25
2254	24305	Phường Buôn Hồ	25
2255	24340	Phường Cư Bao	25
2256	22057	Xã Xuân Lộc	25
2257	22060	Xã Xuân Cảnh	25
2258	22075	Xã Xuân Thọ	25
2259	22081	Xã Đồng Xuân	25
2260	22090	Xã Xuân Lãnh	25
2261	22096	Xã Phú Mỡ	25
2262	22111	Xã Xuân Phước	25
2263	22114	Xã Tuy An Bắc	25
2264	22120	Xã Tuy An Đông	25
2265	22132	Xã Tuy An Tây	25
2266	22147	Xã Ô Loan	25
2267	22153	Xã Tuy An Nam	25
2268	22165	Xã Sơn Hòa	25
2269	22171	Xã Tây Sơn	25
2270	22177	Xã Vân Hòa	25
2271	22192	Xã Suối Trai	25
2272	22207	Xã Sông Hinh	25
2273	22222	Xã Đức Bình	25
2274	22225	Xã Ea Bá	25
2275	22237	Xã Ea Ly	25
2276	22250	Xã Sơn Thành	25
2277	22255	Xã Tây Hòa	25
2278	22276	Xã Hòa Thịnh	25
2279	22285	Xã Hòa Mỹ	25
2280	22291	Xã Hòa Xuân	25
2281	22303	Xã Phú Hòa 2	25
2282	22319	Xã Phú Hòa 1	25
2283	24175	Xã Hòa Phú	25
2284	24181	Xã Ea Drăng	25
2285	24184	Xã Ea H'Leo	25
2286	24187	Xã Ea Hiao	25
2287	24193	Xã Ea Wy	25
2288	24208	Xã Ea Khăl	25
2289	24211	Xã Ea Súp	25
2290	24214	Xã Ia Lốp	25
2291	24217	Xã Ea Rốk	25
2292	24221	Xã Ia Rvê	25
2293	24229	Xã Ea Bung	25
2294	24235	Xã Buôn Đôn	25
2295	24241	Xã Ea Wer	25
2296	24250	Xã Ea Nuôl	25
2297	24259	Xã Quảng Phú	25
2298	24265	Xã Ea Kiết	25
2299	24277	Xã Ea Tul	25
2300	24280	Xã Cư M’gar	25
2301	24286	Xã Ea M’Droh	25
2302	24301	Xã Cuôr Đăng	25
2303	24310	Xã Krông Búk	25
2304	24313	Xã Cư Pơng	25
2305	24316	Xã Pơng Drang	25
2306	24328	Xã Ea Drông	25
2307	24343	Xã Krông Năng	25
2308	24346	Xã Dliê Ya	25
2309	24352	Xã Tam Giang	25
2310	24364	Xã Phú Xuân	25
2311	24373	Xã Ea Kar	25
2312	24376	Xã Ea Knốp	25
2313	24400	Xã Ea Păl	25
2314	24403	Xã Ea Ô	25
2315	24406	Xã Cư Yang	25
2316	24412	Xã M’Drắk	25
2317	24415	Xã Cư Prao	25
2318	24433	Xã Ea Riêng	25
2319	24436	Xã Cư M’ta	25
2320	24444	Xã Krông Á	25
2321	24445	Xã Ea Trang	25
2322	24448	Xã Krông Bông	25
2323	24454	Xã Dang Kang	25
2324	24472	Xã Hòa Sơn	25
2325	24478	Xã Cư Pui	25
2326	24484	Xã Yang Mao	25
2327	24490	Xã Krông Pắc	25
2328	24496	Xã Ea Kly	25
2329	24502	Xã Ea Phê	25
2330	24505	Xã Ea Knuếc	25
2331	24526	Xã Tân Tiến	25
2332	24529	Xã Vụ Bổn	25
2333	24538	Xã Krông Ana	25
2334	24540	Xã Ea Ning	25
2335	24544	Xã Ea Ktur	25
2336	24559	Xã Ea Na	25
2337	24561	Xã Dray Bhăng	25
2338	24568	Xã Dur Kmăl	25
2339	24580	Xã Liên Sơn Lắk	25
2340	24595	Xã Đắk Liêng	25
2341	24598	Xã Đắk Phơi	25
2342	24604	Xã Krông Nô	25
2343	24607	Xã Nam Ka	25
2344	22918	Phường Mũi Né	26
2345	22924	Phường Phú Thủy	26
2346	22933	Phường Hàm Thắng	26
2347	22945	Phường Phan Thiết	26
2348	22954	Phường Tiến Thành	26
2349	22960	Phường Bình Thuận	26
2350	23231	Phường Phước Hội	26
2351	23235	Phường La Gi	26
2352	24611	Phường Bắc Gia Nghĩa	26
2353	24615	Phường Nam Gia Nghĩa	26
2354	24617	Phường Đông Gia Nghĩa	26
2355	24778	Phường Lâm Viên - Đà Lạt	26
2356	24781	Phường Xuân Hương - Đà Lạt	26
2357	24787	Phường Cam Ly - Đà Lạt	26
2358	24805	Phường Xuân Trường - Đà Lạt	26
2359	24820	Phường 2 Bảo Lộc	26
2360	24823	Phường 1 Bảo Lộc	26
2361	24829	Phường B'Lao	26
2362	24841	Phường 3 Bảo Lộc	26
2363	24846	Phường Lang Biang - Đà Lạt	26
2364	22963	Xã Tuyên Quang	26
2365	22969	Xã Liên Hương	26
2366	22972	Xã Phan Rí Cửa	26
2367	22978	Xã Tuy Phong	26
2368	22981	Xã Vĩnh Hảo	26
2369	23005	Xã Bắc Bình	26
2370	23008	Xã Phan Sơn	26
2371	23020	Xã Hải Ninh	26
2372	23023	Xã Sông Lũy	26
2373	23032	Xã Lương Sơn	26
2374	23041	Xã Hồng Thái	26
2375	23053	Xã Hòa Thắng	26
2376	23059	Xã Hàm Thuận	26
2377	23065	Xã La Dạ	26
2378	23074	Xã Đông Giang	26
2379	23086	Xã Hồng Sơn	26
2380	23089	Xã Hàm Thuận Bắc	26
2381	23095	Xã Hàm Liêm	26
2382	23110	Xã Hàm Thuận Nam	26
2383	23122	Xã Hàm Thạnh	26
2384	23128	Xã Hàm Kiệm	26
2385	23134	Xã Tân Lập	26
2386	23143	Xã Tân Thành	26
2387	23149	Xã Tánh Linh	26
2388	23152	Xã Bắc Ruộng	26
2389	23158	Xã Nghị Đức	26
2390	23173	Xã Đồng Kho	26
2391	23188	Xã Suối Kiết	26
2392	23191	Xã Đức Linh	26
2393	23194	Xã Hoài Đức	26
2394	23200	Xã Nam Thành	26
2395	23227	Xã Trà Tân	26
2396	23230	Xã Tân Minh	26
2397	23236	Xã Hàm Tân	26
2398	23246	Xã Tân Hải	26
2399	23266	Xã Sơn Mỹ	26
2400	24616	Xã Quảng Sơn	26
2401	24620	Xã Quảng Hòa	26
2402	24631	Xã Quảng Khê	26
2403	24637	Xã Tà Đùng	26
2404	24640	Xã Cư Jút	26
2405	24646	Xã Đắk Wil	26
2406	24649	Xã Nam Dong	26
2407	24664	Xã Đức Lập	26
2408	24670	Xã Đắk Mil	26
2409	24678	Xã Đắk Sắk	26
2410	24682	Xã Thuận An	26
2411	24688	Xã Krông Nô	26
2412	24697	Xã Nam Đà	26
2413	24703	Xã Nâm Nung	26
2414	24712	Xã Quảng Phú	26
2415	24717	Xã Đức An	26
2416	24718	Xã Đắk Song	26
2417	24722	Xã Thuận Hạnh	26
2418	24730	Xã Trường Xuân	26
2419	24733	Xã Kiến Đức	26
2420	24736	Xã Quảng Trực	26
2421	24739	Xã Tuy Đức	26
2422	24748	Xã Quảng Tân	26
2423	24751	Xã Nhân Cơ	26
2424	24760	Xã Quảng Tín	26
2425	24848	Xã Lạc Dương	26
2426	24853	Xã Đam Rông 4	26
2427	24868	Xã Nam Ban Lâm Hà	26
2428	24871	Xã Đinh Văn Lâm Hà	26
2429	24875	Xã Đam Rông 3	26
2430	24877	Xã Đam Rông 2	26
2431	24883	Xã Nam Hà Lâm Hà	26
2432	24886	Xã Đam Rông 1	26
2433	24895	Xã Phú Sơn Lâm Hà	26
2434	24907	Xã Phúc Thọ Lâm Hà	26
2435	24916	Xã Tân Hà Lâm Hà	26
2436	24931	Xã Đơn Dương	26
2437	24934	Xã D'Ran	26
2438	24943	Xã Ka Đô	26
2439	24955	Xã Quảng Lập	26
2440	24958	Xã Đức Trọng	26
2441	24967	Xã Hiệp Thạnh	26
2442	24976	Xã Tân Hội	26
2443	24985	Xã Ninh Gia	26
2444	24988	Xã Tà Năng	26
2445	24991	Xã Tà Hine	26
2446	25000	Xã Di Linh	26
2447	25007	Xã Đinh Trang Thượng	26
2448	25015	Xã Gia Hiệp	26
2449	25018	Xã Bảo Thuận	26
2450	25036	Xã Hòa Ninh	26
2451	25042	Xã Hòa Bắc	26
2452	25051	Xã Sơn Điền	26
2453	25054	Xã Bảo Lâm 1	26
2454	25057	Xã Bảo Lâm 5	26
2455	25063	Xã Bảo Lâm 4	26
2456	25084	Xã Bảo Lâm 2	26
2457	25093	Xã Bảo Lâm 3	26
2458	25099	Xã Đạ Huoai	26
2459	25105	Xã Đạ Huoai 2	26
2460	25114	Xã Đạ Huoai 3	26
2461	25126	Xã Đạ Tẻh	26
2462	25135	Xã Đạ Tẻh 3	26
2463	25138	Xã Đạ Tẻh 2	26
2464	25159	Xã Cát Tiên	26
2465	25162	Xã Cát Tiên 3	26
2466	25180	Xã Cát Tiên 2	26
2467	23272	Đặc khu Phú Quý	26
2468	25195	Phường Bình Phước	27
2469	25210	Phường Đồng Xoài	27
2470	25217	Phường Phước Long	27
2471	25220	Phường Phước Bình	27
2472	25326	Phường Bình Long	27
2473	25333	Phường An Lộc	27
2474	25432	Phường Chơn Thành	27
2475	25441	Phường Minh Hưng	27
2476	25993	Phường Trảng Dài	27
2477	26005	Phường Hố Nai	27
2478	26017	Phường Tam Hiệp	27
2479	26020	Phường Long Bình	27
2480	26041	Phường Trấn Biên	27
2481	26068	Phường Biên Hòa	27
2482	26080	Phường Long Khánh	27
2483	26089	Phường Bình Lộc	27
2484	26098	Phường Bảo Vinh	27
2485	26104	Phường Xuân Lập	27
2486	26113	Phường Hàng Gòn	27
2487	26188	Phường Tân Triều	27
2488	26374	Phường Tam Phước	27
2489	26377	Phường Phước Tân	27
2490	26380	Phường Long Hưng	27
2491	25222	Xã Bù Gia Mập	27
2492	25225	Xã Đăk Ơ	27
2493	25231	Xã Đa Kia 1	27
2494	25246	Xã Bình Tân	27
2495	25252	Xã Phú Riềng	27
2496	25255	Xã Long Hà	27
2497	25261	Xã Phú Trung	27
2498	25267	Xã Phú Nghĩa	27
2499	25270	Xã Lộc Ninh	27
2500	25279	Xã Lộc Tấn	27
2501	25280	Xã Lộc Thạnh	27
2502	25292	Xã Lộc Quang	27
2503	25294	Xã Lộc Thành	27
2504	25303	Xã Lộc Hưng	27
2505	25308	Xã Thiện Hưng	27
2506	25309	Xã Hưng Phước	27
2507	25318	Xã Tân Tiến	27
2508	25345	Xã Tân Hưng	27
2509	25349	Xã Minh Đức	27
2510	25351	Xã Tân Quan	27
2511	25357	Xã Tân Khai	27
2512	25363	Xã Đồng Phú	27
2513	25378	Xã Tân Lợi	27
2514	25387	Xã Thuận Lợi	27
2515	25390	Xã Đồng Tâm	27
2516	25396	Xã Bù Đăng	27
2517	25399	Xã Đak Nhau	27
2518	25402	Xã Thọ Sơn	27
2519	25405	Xã Bom Bo	27
2520	25417	Xã Nghĩa Trung	27
2521	25420	Xã Phước Sơn	27
2522	25450	Xã Nha Bích	27
2523	26116	Xã Tân Phú	27
2524	26119	Xã Đak Lua	27
2525	26122	Xã Nam Cát Tiên	27
2526	26134	Xã Tà Lài	27
2527	26158	Xã Phú Lâm	27
2528	26170	Xã Trị An	27
2529	26173	Xã Phú Lý	27
2530	26179	Xã Tân An	27
2531	26206	Xã Định Quán	27
2532	26209	Xã Thanh Sơn	27
2533	26215	Xã Phú Vinh	27
2534	26221	Xã Phú Hòa	27
2535	26227	Xã La Ngà	27
2536	26248	Xã Trảng Bom	27
2537	26254	Xã Bàu Hàm	27
2538	26278	Xã Bình Minh	27
2539	26281	Xã Hưng Thịnh	27
2540	26296	Xã An Viễn	27
2541	26299	Xã Thống Nhất	27
2542	26311	Xã Gia Kiệm	27
2543	26326	Xã Dầu Giây	27
2544	26332	Xã Xuân Quế	27
2545	26341	Xã Cẩm Mỹ	27
2546	26347	Xã Xuân Đường	27
2547	26359	Xã Xuân Đông	27
2548	26362	Xã Sông Ray	27
2549	26368	Xã Long Thành	27
2550	26383	Xã An Phước	27
2551	26389	Xã Bình An	27
2552	26413	Xã Long Phước	27
2553	26422	Xã Phước Thái	27
2554	26425	Xã Xuân Lộc	27
2555	26428	Xã Xuân Bắc	27
2556	26434	Xã Xuân Thành	27
2557	26446	Xã Xuân Hòa	27
2558	26458	Xã Xuân Phú	27
2559	26461	Xã Xuân Định	27
2560	26485	Xã Nhơn Trạch	27
2561	26491	Xã Đại Phước	27
2562	26503	Xã Phước An	27
2563	25747	Phường Thủ Dầu Một	28
2564	25750	Phường Phú Lợi	28
2565	25760	Phường Bình Dương	28
2566	25768	Phường Phú An	28
2567	25771	Phường Chánh Hiệp	28
2568	25813	Phường Bến Cát	28
2569	25837	Phường Chánh Phú Hòa	28
2570	25840	Phường Long Nguyên	28
2571	25843	Phường Tây Nam	28
2572	25846	Phường Thới Hòa	28
2573	25849	Phường Hòa Lợi	28
2574	25888	Phường Tân Uyên	28
2575	25891	Phường Tân Khánh	28
2576	25912	Phường Vĩnh Tân	28
2577	25915	Phường Bình Cơ	28
2578	25920	Phường Tân Hiệp	28
2579	25942	Phường Dĩ An	28
2580	25945	Phường Tân Đông Hiệp	28
2581	25951	Phường Đông Hòa	28
2582	25966	Phường Lái Thiêu	28
2583	25969	Phường Thuận Giao	28
2584	25975	Phường An Phú	28
2585	25978	Phường Thuận An	28
2586	25987	Phường Bình Hòa	28
2587	26506	Phường Vũng Tàu	28
2588	26526	Phường Tam Thắng	28
2589	26536	Phường Rạch Dừa	28
2590	26542	Phường Phước Thắng	28
2591	26560	Phường Bà Rịa	28
2592	26566	Phường Long Hương	28
2593	26572	Phường Tam Long	28
2594	26704	Phường Phú Mỹ	28
2595	26710	Phường Tân Hải	28
2596	26713	Phường Tân Phước	28
2597	26725	Phường Tân Thành	28
2598	26737	Phường Tân Định	28
2599	26740	Phường Sài Gòn	28
2600	26743	Phường Bến Thành	28
2601	26758	Phường Cầu Ông Lãnh	28
2602	26767	Phường An Phú Đông	28
2603	26773	Phường Thới An	28
2604	26782	Phường Tân Thới Hiệp	28
2605	26785	Phường Trung Mỹ Tây	28
2606	26791	Phường Đông Hưng Thuận	28
2607	26800	Phường Linh Xuân	28
2608	26803	Phường Tam Bình	28
2609	26809	Phường Hiệp Bình	28
2610	26824	Phường Thủ Đức	28
2611	26833	Phường Long Bình	28
2612	26842	Phường Tăng Nhơn Phú	28
2613	26848	Phường Phước Long	28
2614	26857	Phường Long Phước	28
2615	26860	Phường Long Trường	28
2616	26876	Phường An Nhơn	28
2617	26878	Phường An Hội Đông	28
2618	26882	Phường An Hội Tây	28
2619	26884	Phường Gò Vấp	28
2620	26890	Phường Hạnh Thông	28
2621	26898	Phường Thông Tây Hội	28
2622	26905	Phường Bình Lợi Trung	28
2623	26911	Phường Bình Quới	28
2624	26929	Phường Bình Thạnh	28
2625	26944	Phường Gia Định	28
2626	26956	Phường Thạnh Mỹ Tây	28
2627	26968	Phường Tân Sơn Nhất	28
2628	26977	Phường Tân Sơn Hòa	28
2629	26983	Phường Bảy Hiền	28
2630	26995	Phường Tân Hòa	28
2631	27004	Phường Tân Bình	28
2632	27007	Phường Tân Sơn	28
2633	27013	Phường Tây Thạnh	28
2634	27019	Phường Tân Sơn Nhì	28
2635	27022	Phường Phú Thọ Hòa	28
2636	27028	Phường Phú Thạnh	28
2637	27031	Phường Tân Phú	28
2638	27043	Phường Đức Nhuận	28
2639	27058	Phường Cầu Kiệu	28
2640	27073	Phường Phú Nhuận	28
2641	27094	Phường An Khánh	28
2642	27097	Phường Bình Trưng	28
2643	27112	Phường Cát Lái	28
2644	27139	Phường Xuân Hòa	28
2645	27142	Phường Nhiêu Lộc	28
2646	27154	Phường Bàn Cờ	28
2647	27163	Phường Hòa Hưng	28
2648	27169	Phường Diên Hồng	28
2649	27190	Phường Vườn Lài	28
2650	27211	Phường Hòa Bình	28
2651	27226	Phường Phú Thọ	28
2652	27232	Phường Bình Thới	28
2653	27238	Phường Minh Phụng	28
2654	27259	Phường Xóm Chiếu	28
2655	27265	Phường Khánh Hội	28
2656	27286	Phường Vĩnh Hội	28
2657	27301	Phường Chợ Quán	28
2658	27316	Phường An Đông	28
2659	27343	Phường Chợ Lớn	28
2660	27349	Phường Phú Lâm	28
2661	27364	Phường Bình Phú	28
2662	27367	Phường Bình Tây	28
2663	27373	Phường Bình Tiên	28
2664	27418	Phường Chánh Hưng	28
2665	27424	Phường Bình Đông	28
2666	27427	Phường Phú Định	28
2667	27439	Phường Bình Hưng Hòa	28
2668	27442	Phường Bình Tân	28
2669	27448	Phường Bình Trị Đông	28
2670	27457	Phường Tân Tạo	28
2671	27460	Phường An Lạc	28
2672	27475	Phường Tân Hưng	28
2673	27478	Phường Tân Thuận	28
2674	27484	Phường Phú Thuận	28
2675	27487	Phường Tân Mỹ	28
2676	25777	Xã Dầu Tiếng	28
2677	25780	Xã Minh Thạnh	28
2678	25792	Xã Long Hòa	28
2679	25807	Xã Thanh An	28
2680	25819	Xã Trừ Văn Thố	28
2681	25822	Xã Bàu Bàng	28
2682	25858	Xã Phú Giáo	28
2683	25864	Xã Phước Thành	28
2684	25867	Xã An Long	28
2685	25882	Xã Phước Hòa	28
2686	25906	Xã Bắc Tân Uyên	28
2687	25909	Xã Thường Tân	28
2688	26545	Xã Long Sơn	28
2689	26575	Xã Ngãi Giao	28
2690	26584	Xã Xuân Sơn	28
2691	26590	Xã Bình Giã	28
2692	26596	Xã Châu Đức	28
2693	26608	Xã Kim Long	28
2694	26617	Xã Nghĩa Thành	28
2695	26620	Xã Hồ Tràm	28
2696	26632	Xã Xuyên Mộc	28
2697	26638	Xã Bàu Lâm	28
2698	26641	Xã Hòa Hội	28
2699	26647	Xã Hòa Hiệp	28
2700	26656	Xã Bình Châu	28
2701	26659	Xã Long Điền	28
2702	26662	Xã Long Hải	28
2703	26680	Xã Đất Đỏ	28
2704	26686	Xã Phước Hải	28
2705	26728	Xã Châu Pha	28
2706	27496	Xã Tân An Hội	28
2707	27508	Xã An Nhơn Tây	28
2708	27511	Xã Nhuận Đức	28
2709	27526	Xã Thái Mỹ	28
2710	27541	Xã Phú Hòa Đông	28
2711	27544	Xã Bình Mỹ	28
2712	27553	Xã Củ Chi	28
2713	27559	Xã Hóc Môn	28
2714	27568	Xã Đông Thạnh	28
2715	27577	Xã Xuân Thới Sơn	28
2716	27592	Xã Bà Điểm	28
2717	27595	Xã Tân Nhựt	28
2718	27601	Xã Vĩnh Lộc	28
2719	27604	Xã Tân Vĩnh Lộc	28
2720	27610	Xã Bình Lợi	28
2721	27619	Xã Bình Hưng	28
2722	27628	Xã Hưng Long	28
2723	27637	Xã Bình Chánh	28
2724	27655	Xã Nhà Bè	28
2725	27658	Xã Hiệp Phước	28
2726	27664	Xã Cần Giờ	28
2727	27667	Xã Bình Khánh	28
2728	27673	Xã An Thới Đông	28
2729	27676	Xã Thạnh An	28
2730	26732	Đặc khu Côn Đảo	28
2731	25459	Phường Tân Ninh	29
2732	25480	Phường Bình Minh	29
2733	25567	Phường Ninh Thạnh	29
2734	25630	Phường Long Hoa	29
2735	25633	Phường Thanh Điền	29
2736	25645	Phường Hòa Thành	29
2737	25654	Phường Gò Dầu	29
2738	25672	Phường Gia Lộc	29
2739	25708	Phường Trảng Bàng	29
2740	25732	Phường An Tịnh	29
2741	27694	Phường Long An	29
2742	27712	Phường Tân An	29
2743	27715	Phường Khánh Hậu	29
2744	27787	Phường Kiến Tường	29
2745	25486	Xã Tân Biên	29
2746	25489	Xã Tân Lập	29
2747	25498	Xã Thạnh Bình	29
2748	25510	Xã Trà Vong	29
2749	25516	Xã Tân Châu	29
2750	25522	Xã Tân Đông	29
2751	25525	Xã Tân Hội	29
2752	25531	Xã Tân Hòa	29
2753	25534	Xã Tân Thành	29
2754	25549	Xã Tân Phú	29
2755	25552	Xã Dương Minh Châu	29
2756	25573	Xã Cầu Khởi	29
2757	25579	Xã Lộc Ninh	29
2758	25585	Xã Châu Thành	29
2759	25588	Xã Hảo Đước	29
2760	25591	Xã Phước Vinh	29
2761	25606	Xã Hòa Hội	29
2762	25621	Xã Ninh Điền	29
2763	25657	Xã Thạnh Đức	29
2764	25663	Xã Phước Thạnh	29
2765	25666	Xã Truông Mít	29
2766	25681	Xã Bến Cầu	29
2767	25684	Xã Long Chữ	29
2768	25702	Xã Long Thuận	29
2769	25711	Xã Hưng Thuận	29
2770	25729	Xã Phước Chỉ	29
2771	27721	Xã Tân Hưng	29
2772	27727	Xã Hưng Điền	29
2773	27736	Xã Vĩnh Thạnh	29
2774	27748	Xã Vĩnh Châu	29
2775	27757	Xã Vĩnh Hưng	29
2776	27763	Xã Khánh Hưng	29
2777	27775	Xã Tuyên Bình	29
2778	27793	Xã Bình Hiệp	29
2779	27811	Xã Bình Hòa	29
2780	27817	Xã Tuyên Thạnh	29
2781	27823	Xã Mộc Hóa	29
2782	27826	Xã Tân Thạnh	29
2783	27838	Xã Nhơn Hòa Lập	29
2784	27841	Xã Hậu Thạnh	29
2785	27856	Xã Nhơn Ninh	29
2786	27865	Xã Thạnh Hóa	29
2787	27868	Xã Bình Thành	29
2788	27877	Xã Thạnh Phước	29
2789	27889	Xã Tân Tây	29
2790	27898	Xã Đông Thành	29
2791	27907	Xã Mỹ Quý	29
2792	27925	Xã Đức Huệ	29
2793	27931	Xã Hậu Nghĩa	29
2794	27937	Xã Đức Hòa	29
2795	27943	Xã An Ninh	29
2796	27952	Xã Hiệp Hòa	29
2797	27964	Xã Đức Lập	29
2798	27976	Xã Mỹ Hạnh	29
2799	27979	Xã Hòa Khánh	29
2800	27991	Xã Bến Lức	29
2801	27994	Xã Thạnh Lợi	29
2802	28003	Xã Lương Hòa	29
2803	28015	Xã Bình Đức	29
2804	28018	Xã Mỹ Yên	29
2805	28036	Xã Thủ Thừa	29
2806	28051	Xã Mỹ Thạnh	29
2807	28066	Xã Mỹ An	29
2808	28072	Xã Tân Long	29
2809	28075	Xã Tân Trụ	29
2810	28087	Xã Nhựt Tảo	29
2811	28093	Xã Vàm Cỏ	29
2812	28108	Xã Cần Đước	29
2813	28114	Xã Rạch Kiến	29
2814	28126	Xã Long Cang	29
2815	28132	Xã Mỹ Lệ	29
2816	28138	Xã Tân Lân	29
2817	28144	Xã Long Hưu	29
2818	28159	Xã Cần Giuộc	29
2819	28165	Xã Phước Lý	29
2820	28177	Xã Mỹ Lộc	29
2821	28201	Xã Phước Vĩnh Tây	29
2822	28207	Xã Tân Tập	29
2823	28210	Xã Tầm Vu	29
2824	28222	Xã Vĩnh Công	29
2825	28225	Xã Thuận Mỹ	29
2826	28243	Xã An Lục Long	29
2827	28249	Phường Đạo Thạnh	30
2828	28261	Phường Mỹ Tho	30
2829	28270	Phường Thới Sơn	30
2830	28273	Phường Mỹ Phong	30
2831	28285	Phường Trung An	30
2832	28297	Phường Long Thuận	30
2833	28306	Phường Gò Công	30
2834	28315	Phường Bình Xuân	30
2835	28435	Phường Mỹ Phước Tây	30
2836	28436	Phường Thanh Hòa	30
2837	28439	Phường Cai Lậy	30
2838	28477	Phường Nhị Quý	30
2839	28729	Phường Sơn Qui	30
2840	29869	Phường Cao Lãnh	30
2841	29884	Phường Mỹ Ngãi	30
2842	29888	Phường Mỹ Trà	30
2843	29905	Phường Sa Đéc	30
2844	29954	Phường An Bình	30
2845	29955	Phường Hồng Ngự	30
2846	29978	Phường Thường Lạc	30
2847	28321	Xã Tân Phước 1	30
2848	28327	Xã Tân Phước 2	30
2849	28336	Xã Hưng Thạnh	30
2850	28345	Xã Tân Phước 3	30
2851	28360	Xã Cái Bè	30
2852	28366	Xã Hậu Mỹ	30
2853	28378	Xã Mỹ Thiện	30
2854	28393	Xã Hội Cư	30
2855	28405	Xã Mỹ Đức Tây	30
2856	28414	Xã Mỹ Lợi	30
2857	28426	Xã Thanh Hưng	30
2858	28429	Xã An Hữu	30
2859	28444	Xã Thạnh Phú	30
2860	28456	Xã Mỹ Thành	30
2861	28468	Xã Tân Phú	30
2862	28471	Xã Bình Phú	30
2863	28501	Xã Hiệp Đức	30
2864	28504	Xã Long Tiên	30
2865	28516	Xã Ngũ Hiệp	30
2866	28519	Xã Châu Thành	30
2867	28525	Xã Tân Hương	30
2868	28537	Xã Long Hưng	30
2869	28543	Xã Long Định	30
2870	28564	Xã Bình Trưng	30
2871	28576	Xã Vĩnh Kim	30
2872	28582	Xã Kim Sơn	30
2873	28594	Xã Chợ Gạo	30
2874	28603	Xã Mỹ Tịnh An	30
2875	28615	Xã Lương Hòa Lạc	30
2876	28627	Xã Tân Thuận Bình	30
2877	28633	Xã An Thạnh Thủy	30
2878	28648	Xã Bình Ninh	30
2879	28651	Xã Vĩnh Bình	30
2880	28660	Xã Đồng Sơn	30
2881	28663	Xã Phú Thành	30
2882	28678	Xã Vĩnh Hựu	30
2883	28687	Xã Long Bình	30
2884	28693	Xã Tân Thới	30
2885	28696	Xã Tân Phú Đông	30
2886	28702	Xã Tân Hòa	30
2887	28720	Xã Gia Thuận	30
2888	28723	Xã Tân Đông	30
2889	28738	Xã Tân Điền	30
2890	28747	Xã Gò Công Đông	30
2891	29926	Xã Tân Hồng	30
2892	29929	Xã Tân Hộ Cơ	30
2893	29938	Xã Tân Thành	30
2894	29944	Xã An Phước	30
2895	29971	Xã Thường Phước	30
2896	29983	Xã Long Khánh	30
2897	29992	Xã Long Phú Thuận	30
2898	30001	Xã Tràm Chim	30
2899	30010	Xã Tam Nông	30
2900	30019	Xã An Hòa	30
2901	30025	Xã Phú Cường	30
2902	30028	Xã An Long	30
2903	30034	Xã Phú Thọ	30
2904	30037	Xã Tháp Mười	30
2905	30043	Xã Phương Thịnh	30
2906	30046	Xã Trường Xuân	30
2907	30055	Xã Mỹ Quí	30
2908	30061	Xã Đốc Binh Kiều	30
2909	30073	Xã Thanh Mỹ	30
2910	30076	Xã Mỹ Thọ	30
2911	30085	Xã Ba Sao	30
2912	30088	Xã Phong Mỹ	30
2913	30112	Xã Mỹ Hiệp	30
2914	30118	Xã Bình Hàng Trung	30
2915	30130	Xã Thanh Bình	30
2916	30154	Xã Tân Long	30
2917	30157	Xã Tân Thạnh	30
2918	30163	Xã Bình Thành	30
2919	30169	Xã Lấp Vò	30
2920	30178	Xã Mỹ An Hưng	30
2921	30184	Xã Tân Khánh Trung	30
2922	30208	Xã Hòa Long	30
2923	30214	Xã Tân Dương	30
2924	30226	Xã Lai Vung	30
2925	30235	Xã Phong Hòa	30
2926	30244	Xã Phú Hựu	30
2927	30253	Xã Tân Nhuận Đông	30
2928	30259	Xã Tân Phú Trung	30
2929	28756	Phường Phú Khương	31
2930	28777	Phường An Hội	31
2931	28783	Phường Sơn Đông	31
2932	28789	Phường Bến Tre	31
2933	28858	Phường Phú Tân	31
2934	29242	Phường Trà Vinh	31
2935	29254	Phường Nguyệt Hóa	31
2936	29263	Phường Long Đức	31
2937	29398	Phường Hòa Thuận	31
2938	29512	Phường Duyên Hải	31
2939	29516	Phường Trường Long Hòa	31
2940	29551	Phường Long Châu	31
2941	29557	Phường Phước Hậu	31
2942	29566	Phường Tân Ngãi	31
2943	29590	Phường Thanh Đức	31
2944	29593	Phường Tân Hạnh	31
2945	29770	Phường Cái Vồn	31
2946	29771	Phường Bình Minh	31
2947	29812	Phường Đông Thành	31
2948	28807	Xã Giao Long	31
2949	28810	Xã Phú Túc	31
2950	28840	Xã Tân Phú	31
2951	28861	Xã Tiên Thủy	31
2952	28870	Xã Chợ Lách	31
2953	28879	Xã Phú Phụng	31
2954	28894	Xã Vĩnh Thành	31
2955	28901	Xã Hưng Khánh Trung	31
2956	28903	Xã Mỏ Cày	31
2957	28915	Xã Phước Mỹ Trung	31
2958	28921	Xã Tân Thành Bình	31
2959	28945	Xã Đồng Khởi	31
2960	28948	Xã Nhuận Phú Tân	31
2961	28957	Xã An Định	31
2962	28969	Xã Thành Thới	31
2963	28981	Xã Hương Mỹ	31
2964	28984	Xã Giồng Trôm	31
2965	28987	Xã Lương Hòa	31
2966	28993	Xã Lương Phú	31
2967	28996	Xã Châu Hòa	31
2968	29020	Xã Phước Long	31
2969	29029	Xã Tân Hào	31
2970	29044	Xã Hưng Nhượng	31
2971	29050	Xã Bình Đại	31
2972	29062	Xã Phú Thuận	31
2973	29077	Xã Lộc Thuận	31
2974	29083	Xã Châu Hưng	31
2975	29089	Xã Thạnh Trị	31
2976	29104	Xã Thạnh Phước	31
2977	29107	Xã Thới Thuận	31
2978	29110	Xã Ba Tri	31
2979	29122	Xã Mỹ Chánh Hòa	31
2980	29125	Xã Bảo Thạnh	31
2981	29137	Xã Tân Xuân	31
2982	29143	Xã An Ngãi Trung	31
2983	29158	Xã An Hiệp	31
2984	29167	Xã Tân Thủy	31
2985	29182	Xã Thạnh Phú	31
2986	29191	Xã Quới Điền	31
2987	29194	Xã Đại Điền	31
2988	29221	Xã Thạnh Hải	31
2989	29224	Xã An Qui	31
2990	29227	Xã Thạnh Phong	31
2991	29266	Xã Càng Long	31
2992	29275	Xã An Trường	31
2993	29278	Xã Tân An	31
2994	29287	Xã Bình Phú	31
2995	29302	Xã Nhị Long	31
2996	29308	Xã Cầu Kè	31
2997	29317	Xã An Phú Tân	31
2998	29329	Xã Phong Thạnh	31
2999	29335	Xã Tam Ngãi	31
3000	29341	Xã Tiểu Cần	31
3001	29362	Xã Hùng Hòa	31
3002	29365	Xã Tập Ngãi	31
3003	29371	Xã Tân Hòa	31
3004	29374	Xã Châu Thành	31
3005	29386	Xã Song Lộc	31
3006	29407	Xã Hưng Mỹ	31
3007	29410	Xã Hòa Minh	31
3008	29413	Xã Long Hòa	31
3009	29416	Xã Cầu Ngang	31
3010	29419	Xã Mỹ Long	31
3011	29431	Xã Vinh Kim	31
3012	29446	Xã Nhị Trường	31
3013	29455	Xã Hiệp Mỹ	31
3014	29461	Xã Trà Cú	31
3015	29467	Xã Tập Sơn	31
3016	29476	Xã Lưu Nghiệp Anh	31
3017	29489	Xã Hàm Giang	31
3018	29491	Xã Đại An	31
3019	29497	Xã Đôn Châu	31
3020	29506	Xã Long Hiệp	31
3021	29513	Xã Long Thành	31
3022	29518	Xã Long Hữu	31
3023	29530	Xã Ngũ Lạc	31
3024	29533	Xã Long Vĩnh	31
3025	29536	Xã Đông Hải	31
3026	29584	Xã An Bình	31
3027	29602	Xã Long Hồ	31
3028	29611	Xã Phú Quới	31
3029	29623	Xã Nhơn Phú	31
3030	29638	Xã Bình Phước	31
3031	29641	Xã Cái Nhum	31
3032	29653	Xã Tân Long Hội	31
3033	29659	Xã Trung Thành	31
3034	29668	Xã Quới An	31
3035	29677	Xã Quới Thiện	31
3036	29683	Xã Trung Hiệp	31
3037	29698	Xã Trung Ngãi	31
3038	29701	Xã Hiếu Phụng	31
3039	29713	Xã Hiếu Thành	31
3040	29719	Xã Tam Bình	31
3041	29728	Xã Cái Ngang	31
3042	29734	Xã Hòa Hiệp	31
3043	29740	Xã Song Phú	31
3044	29767	Xã Ngãi Tứ	31
3045	29785	Xã Tân Lược	31
3046	29788	Xã Mỹ Thuận	31
3047	29800	Xã Tân Quới	31
3048	29821	Xã Trà Ôn	31
3049	29830	Xã Hòa Bình	31
3050	29836	Xã Trà Côn	31
3051	29845	Xã Vĩnh Xuân	31
3052	29857	Xã Lục Sĩ Thành	31
3053	30292	Phường Bình Đức	32
3054	30301	Phường Mỹ Thới	32
3055	30307	Phường Long Xuyên	32
3056	30316	Phường Châu Đốc	32
3057	30325	Phường Vĩnh Tế	32
3058	30376	Phường Tân Châu	32
3059	30377	Phường Long Phú	32
3060	30502	Phường Thới Sơn	32
3061	30505	Phường Chi Lăng	32
3062	30520	Phường Tịnh Biên	32
3063	30742	Phường Rạch Giá	32
3064	30760	Phường Vĩnh Thông	32
3065	30766	Phường Tô Châu	32
3066	30769	Phường Hà Tiên	32
3067	30313	Xã Mỹ Hòa Hưng	32
3068	30337	Xã An Phú	32
3069	30341	Xã Khánh Bình	32
3070	30346	Xã Nhơn Hội	32
3071	30352	Xã Phú Hữu	32
3072	30367	Xã Vĩnh Hậu	32
3073	30385	Xã Vĩnh Xương	32
3074	30388	Xã Tân An	32
3075	30403	Xã Châu Phong	32
3076	30406	Xã Phú Tân	32
3077	30409	Xã Chợ Vàm	32
3078	30421	Xã Phú Lâm	32
3079	30430	Xã Hòa Lạc	32
3080	30436	Xã Phú An	32
3081	30445	Xã Bình Thạnh Đông	32
3082	30463	Xã Châu Phú	32
3083	30469	Xã Mỹ Đức	32
3084	30478	Xã Vĩnh Thạnh Trung	32
3085	30481	Xã Thạnh Mỹ Tây	32
3086	30487	Xã Bình Mỹ	32
3087	30526	Xã An Cư	32
3088	30538	Xã Núi Cấm	32
3089	30544	Xã Tri Tôn	32
3090	30547	Xã Ba Chúc	32
3091	30568	Xã Vĩnh Gia	32
3092	30577	Xã Ô Lâm	32
3093	30580	Xã Cô Tô	32
3094	30589	Xã An Châu	32
3095	30595	Xã Cần Đăng	32
3096	30604	Xã Vĩnh An	32
3097	30607	Xã Bình Hòa	32
3098	30619	Xã Vĩnh Hanh	32
3099	30628	Xã Chợ Mới	32
3100	30631	Xã Long Điền	32
3101	30643	Xã Cù Lao Giêng	32
3102	30658	Xã Nhơn Mỹ	32
3103	30664	Xã Long Kiến	32
3104	30673	Xã Hội An	32
3105	30682	Xã Thoại Sơn	32
3106	30685	Xã Phú Hòa	32
3107	30688	Xã Óc Eo	32
3108	30691	Xã Tây Phú	32
3109	30697	Xã Vĩnh Trạch	32
3110	30709	Xã Định Mỹ	32
3111	30781	Xã Tiên Hải	32
3112	30787	Xã Kiên Lương	32
3113	30790	Xã Hòa Điền	32
3114	30793	Xã Vĩnh Điều	32
3115	30796	Xã Giang Thành	32
3116	30811	Xã Sơn Hải	32
3117	30814	Xã Hòn Nghệ	32
3118	30817	Xã Hòn Đất	32
3119	30823	Xã Bình Sơn	32
3120	30826	Xã Bình Giang	32
3121	30835	Xã Sơn Kiên	32
3122	30838	Xã Mỹ Thuận	32
3123	30850	Xã Tân Hiệp	32
3124	30856	Xã Tân Hội	32
3125	30874	Xã Thạnh Đông	32
3126	30880	Xã Châu Thành	32
3127	30886	Xã Thạnh Lộc	32
3128	30898	Xã Bình An	32
3129	30904	Xã Giồng Riềng	32
3130	30910	Xã Thạnh Hưng	32
3131	30928	Xã Ngọc Chúc	32
3132	30934	Xã Hòa Hưng	32
3133	30943	Xã Long Thạnh	32
3134	30949	Xã Hòa Thuận	32
3135	30952	Xã Gò Quao	32
3136	30958	Xã Định Hòa	32
3137	30970	Xã Vĩnh Hòa Hưng	32
3138	30982	Xã Vĩnh Tuy	32
3139	30985	Xã An Biên	32
3140	30988	Xã Tây Yên	32
3141	31006	Xã Đông Thái	32
3142	31012	Xã Vĩnh Hòa	32
3143	31018	Xã An Minh	32
3144	31024	Xã Đông Hòa	32
3145	31027	Xã u Minh Thượng	32
3146	31031	Xã Tân Thạnh	32
3147	31036	Xã Đông Hưng	32
3148	31042	Xã Vân Khánh	32
3149	31051	Xã Vĩnh Phong	32
3150	31064	Xã Vĩnh Bình	32
3151	31069	Xã Vĩnh Thuận	32
3152	31078	Đặc khu Phú Quốc	32
3153	31105	Đặc khu Thổ Châu	32
3154	31108	Đặc khu Kiên Hải	32
3155	31120	Phường Cái Khế	33
3156	31135	Phường Ninh Kiều	33
3157	31147	Phường Tân An	33
3158	31150	Phường An Bình	33
3159	31153	Phường Ô Môn	33
3160	31157	Phường Thới Long	33
3161	31162	Phường Phước Thới	33
3162	31168	Phường Bình Thủy	33
3163	31174	Phường Thới An Đông	33
3164	31183	Phường Long Tuyền	33
3165	31186	Phường Cái Răng	33
3166	31201	Phường Hưng Phú	33
3167	31207	Phường Thốt Nốt	33
3168	31213	Phường Tân Lộc	33
3169	31217	Phường Trung Nhứt	33
3170	31228	Phường Thuận Hưng	33
3171	31321	Phường Vị Thanh	33
3172	31333	Phường Vị Tân	33
3173	31340	Phường Ngã Bảy	33
3174	31411	Phường Đại Thành	33
3175	31471	Phường Long Mỹ	33
3176	31473	Phường Long Bình	33
3177	31480	Phường Long Phú 1	33
3178	31507	Phường Sóc Trăng	33
3179	31510	Phường Phú Lợi	33
3180	31684	Phường Mỹ Xuyên	33
3181	31732	Phường Ngã Năm	33
3182	31753	Phường Mỹ Quới	33
3183	31783	Phường Vĩnh Châu	33
3184	31789	Phường Khánh Hòa	33
3185	31804	Phường Vĩnh Phước	33
3186	31231	Xã Thạnh An	33
3187	31232	Xã Vĩnh Thạnh	33
3188	31237	Xã Vĩnh Trinh	33
3189	31246	Xã Thạnh Quới	33
3190	31249	Xã Thạnh Phú	33
3191	31255	Xã Trung Hưng	33
3192	31258	Xã Thới Lai	33
3193	31261	Xã Cờ Đỏ	33
3194	31264	Xã Thới Hưng	33
3195	31273	Xã Đông Hiệp	33
3196	31282	Xã Đông Thuận	33
3197	31288	Xã Trường Thành	33
3198	31294	Xã Trường Xuân	33
3199	31299	Xã Phong Điền	33
3200	31309	Xã Trường Long	33
3201	31315	Xã Nhơn Ái	33
3202	31338	Xã Hỏa Lựu	33
3203	31342	Xã Tân Hòa	33
3204	31348	Xã Trường Long Tây	33
3205	31360	Xã Thạnh Xuân	33
3206	31366	Xã Châu Thành	33
3207	31369	Xã Đông Phước	33
3208	31378	Xã Phú Hữu	33
3209	31393	Xã Hòa An	33
3210	31396	Xã Hiệp Hưng	33
3211	31399	Xã Tân Bình	33
3212	31408	Xã Thạnh Hòa	33
3213	31420	Xã Phụng Hiệp	33
3214	31426	Xã Phương Bình	33
3215	31432	Xã Tân Phước Hưng	33
3216	31441	Xã Vị Thủy	33
3217	31453	Xã Vĩnh Thuận Đông	33
3218	31459	Xã Vĩnh Tường	33
3219	31465	Xã Vị Thanh 1	33
3220	31489	Xã Vĩnh Viễn	33
3221	31492	Xã Lương Tâm	33
3222	31495	Xã Xà Phiên	33
3223	31528	Xã Kế Sách	33
3224	31531	Xã An Lạc Thôn	33
3225	31537	Xã Phong Nẫm	33
3226	31540	Xã Thới An Hội	33
3227	31552	Xã Nhơn Mỹ	33
3228	31561	Xã Đại Hải	33
3229	31567	Xã Mỹ Tú	33
3230	31569	Xã Phú Tâm	33
3231	31570	Xã Hồ Đắc Kiện	33
3232	31579	Xã Long Hưng	33
3233	31582	Xã Thuận Hòa	33
3234	31591	Xã Mỹ Hương	33
3235	31594	Xã An Ninh	33
3236	31603	Xã Mỹ Phước	33
3237	31615	Xã An Thạnh	33
3238	31633	Xã Cù Lao Dung	33
3239	31639	Xã Long Phú	33
3240	31645	Xã Đại Ngãi	33
3241	31654	Xã Trường Khánh	33
3242	31666	Xã Tân Thạnh	33
3243	31673	Xã Trần Đề	33
3244	31675	Xã Liêu Tú	33
3245	31679	Xã Lịch Hội Thượng	33
3246	31687	Xã Tài Văn	33
3247	31699	Xã Thạnh Thới An	33
3248	31708	Xã Nhu Gia	33
3249	31717	Xã Hòa Tú	33
3250	31723	Xã Ngọc Tố	33
3251	31726	Xã Gia Hòa	33
3252	31741	Xã Tân Long	33
3253	31756	Xã Phú Lộc	33
3254	31759	Xã Lâm Tân	33
3255	31777	Xã Vĩnh Lợi	33
3256	31795	Xã Vĩnh Hải	33
3257	31810	Xã Lai Hòa	33
3258	31825	Phường Bạc Liêu	34
3259	31834	Phường Vĩnh Trạch	34
3260	31840	Phường Hiệp Thành	34
3261	31942	Phường Giá Rai	34
3262	31951	Phường Láng Tròn	34
3263	32002	Phường An Xuyên	34
3264	32014	Phường Lý Văn Lâm	34
3265	32025	Phường Tân Thành	34
3266	32041	Phường Hòa Thành	34
3267	31843	Xã Hồng Dân	34
3268	31849	Xã Ninh Quới	34
3269	31858	Xã Vĩnh Lộc	34
3270	31864	Xã Ninh Thạnh Lợi	34
3271	31867	Xã Phước Long	34
3272	31876	Xã Vĩnh Phước	34
3273	31882	Xã Vĩnh Thanh	34
3274	31885	Xã Phong Hiệp	34
3275	31891	Xã Hòa Bình	34
3276	31894	Xã Châu Thới	34
3277	31900	Xã Vĩnh Lợi	34
3278	31906	Xã Hưng Hội	34
3279	31918	Xã Vĩnh Mỹ	34
3280	31927	Xã Vĩnh Hậu	34
3281	31957	Xã Phong Thạnh	34
3282	31972	Xã Gành Hào	34
3283	31975	Xã Đông Hải	34
3284	31985	Xã Long Điền	34
3285	31988	Xã An Trạch	34
3286	31993	Xã Định Thành	34
3287	32044	Xã Nguyễn Phích	34
3288	32047	Xã U Minh	34
3289	32059	Xã Khánh An	34
3290	32062	Xã Khánh Lâm	34
3291	32065	Xã Thới Bình	34
3292	32069	Xã Biển Bạch	34
3293	32071	Xã Trí Phải	34
3294	32083	Xã Tân Lộc	34
3295	32092	Xã Hồ Thị Kỷ	34
3296	32095	Xã Trần Văn Thời	34
3297	32098	Xã Sông Đốc	34
3298	32104	Xã Đá Bạc	34
3299	32110	Xã Khánh Bình	34
3300	32119	Xã Khánh Hưng	34
3301	32128	Xã Cái Nước	34
3302	32134	Xã Lương Thế Trân	34
3303	32137	Xã Tân Hưng	34
3304	32140	Xã Hưng Mỹ	34
3305	32152	Xã Đầm Dơi	34
3306	32155	Xã Tạ An Khương	34
3307	32161	Xã Trần Phán	34
3308	32167	Xã Tân Thuận	34
3309	32182	Xã Quách Phẩm	34
3310	32185	Xã Thanh Tùng	34
3311	32188	Xã Tân Tiến	34
3312	32191	Xã Năm Căn	34
3313	32201	Xã Đất Mới	34
3314	32206	Xã Tam Giang	34
3315	32212	Xã Cái Đôi Vàm	34
3316	32214	Xã Phú Mỹ	34
3317	32218	Xã Phú Tân	34
3318	32227	Xã Nguyễn Việt Khái	34
3319	32236	Xã Tân Ân	34
3320	32244	Xã Phan Ngọc Hiển	34
3321	32248	Xã Đất Mũi	34
\.


--
-- Data for Name: accounts_province; Type: TABLE DATA; Schema: public; Owner: -
--

COPY public.accounts_province (id, code, name) FROM stdin;
1	01	Thành phố Hà Nội
2	04	Tỉnh Cao Bằng
3	08	Tỉnh Tuyên Quang
4	11	Tỉnh Điện Biên
5	12	Tỉnh Lai Châu
6	14	Tỉnh Sơn La
7	15	Tỉnh Lào Cai
8	19	Tỉnh Thái Nguyên
9	20	Tỉnh Lạng Sơn
10	22	Tỉnh Quảng Ninh
11	24	Tỉnh Bắc Ninh
12	25	Tỉnh Phú Thọ
13	31	Thành phố Hải Phòng
14	33	Tỉnh Hưng Yên
15	37	Tỉnh Ninh Bình
16	38	Tỉnh Thanh Hóa
17	40	Tỉnh Nghệ An
18	42	Tỉnh Hà Tĩnh
19	44	Tỉnh Quảng Trị
20	46	Thành phố Huế
21	48	Thành phố Đà Nẵng
22	51	Tỉnh Quảng Ngãi
23	52	Tỉnh Gia Lai
24	56	Tỉnh Khánh Hòa
25	66	Tỉnh Đắk Lắk
26	68	Tỉnh Lâm Đồng
27	75	Tỉnh Đồng Nai
28	79	Thành phố Hồ Chí Minh
29	80	Tỉnh Tây Ninh
30	82	Tỉnh Đồng Tháp
31	86	Tỉnh Vĩnh Long
32	91	Tỉnh An Giang
33	92	Thành phố Cần Thơ
34	96	Tỉnh Cà Mau
\.


--
-- Data for Name: accounts_userprofile; Type: TABLE DATA; Schema: public; Owner: -
--

COPY public.accounts_userprofile (id, phone, avatar, firebase_uid, created_at, user_id, full_name) FROM stdin;
1	0912345678		api-account-test	2026-05-05 16:50:53.114171+07	3	
2			yhpuLvLu6SNCQe7Opbk43vyauWy1	2026-05-06 00:16:18.324469+07	6	
3	0901234567		e2e-user	2026-05-06 05:20:32.931416+07	7	
4			s3vBADQQ7rMSre7UGa9Y9SYKAM23	2026-05-06 14:44:02.361343+07	11	
5			hKv2KlyjDwNMcqtUMIxrPwIEFsG3	2026-05-06 15:22:01.074265+07	12	Quản Trị Viên
\.


--
-- Data for Name: auth_group; Type: TABLE DATA; Schema: public; Owner: -
--

COPY public.auth_group (id, name) FROM stdin;
\.


--
-- Data for Name: auth_group_permissions; Type: TABLE DATA; Schema: public; Owner: -
--

COPY public.auth_group_permissions (id, group_id, permission_id) FROM stdin;
\.


--
-- Data for Name: auth_permission; Type: TABLE DATA; Schema: public; Owner: -
--

COPY public.auth_permission (id, name, content_type_id, codename) FROM stdin;
1	Can add log entry	1	add_logentry
2	Can change log entry	1	change_logentry
3	Can delete log entry	1	delete_logentry
4	Can view log entry	1	view_logentry
5	Can add permission	2	add_permission
6	Can change permission	2	change_permission
7	Can delete permission	2	delete_permission
8	Can view permission	2	view_permission
9	Can add group	3	add_group
10	Can change group	3	change_group
11	Can delete group	3	delete_group
12	Can view group	3	view_group
13	Can add user	4	add_user
14	Can change user	4	change_user
15	Can delete user	4	delete_user
16	Can view user	4	view_user
17	Can add content type	5	add_contenttype
18	Can change content type	5	change_contenttype
19	Can delete content type	5	delete_contenttype
20	Can view content type	5	view_contenttype
21	Can add session	6	add_session
22	Can change session	6	change_session
23	Can delete session	6	delete_session
24	Can view session	6	view_session
113	Can add order item	30	add_orderitem
114	Can change order item	30	change_orderitem
115	Can delete order item	30	delete_orderitem
116	Can view order item	30	view_orderitem
117	Can add order	29	add_order
118	Can change order	29	change_order
119	Can delete order	29	delete_order
120	Can view order	29	view_order
133	Can add document category	34	add_doccategory
134	Can change document category	34	change_doccategory
135	Can delete document category	34	delete_doccategory
136	Can view document category	34	view_doccategory
137	Can add document	35	add_document
138	Can change document	35	change_document
139	Can delete document	35	delete_document
140	Can view document	35	view_document
157	Can add province	41	add_province
158	Can change province	41	change_province
159	Can delete province	41	delete_province
160	Can view province	41	view_province
161	Can add commune	40	add_commune
162	Can change commune	40	change_commune
163	Can delete commune	40	delete_commune
164	Can view commune	40	view_commune
97	Can add category	25	add_category
98	Can change category	25	change_category
99	Can delete category	25	delete_category
100	Can view category	25	view_category
101	Can add product image	28	add_productimage
102	Can change product image	28	change_productimage
103	Can delete product image	28	delete_productimage
104	Can view product image	28	view_productimage
105	Can add product	27	add_product
106	Can change product	27	change_product
107	Can delete product	27	delete_product
108	Can view product	27	view_product
109	Can add plant	26	add_plant
110	Can change plant	26	change_plant
111	Can delete plant	26	delete_plant
112	Can view plant	26	view_plant
121	Can add news category	33	add_newscategory
122	Can change news category	33	change_newscategory
123	Can delete news category	33	delete_newscategory
124	Can view news category	33	view_newscategory
125	Can add hashtag	32	add_hashtag
126	Can change hashtag	32	change_hashtag
127	Can delete hashtag	32	delete_hashtag
128	Can view hashtag	32	view_hashtag
129	Can add article	31	add_article
130	Can change article	31	change_article
131	Can delete article	31	delete_article
132	Can view article	31	view_article
141	Can add address	36	add_address
142	Can change address	36	change_address
143	Can delete address	36	delete_address
144	Can view address	36	view_address
145	Can add user profile	37	add_userprofile
146	Can change user profile	37	change_userprofile
147	Can delete user profile	37	delete_userprofile
148	Can view user profile	37	view_userprofile
149	Can add contact submission	38	add_contactsubmission
150	Can change contact submission	38	change_contactsubmission
151	Can delete contact submission	38	delete_contactsubmission
152	Can view contact submission	38	view_contactsubmission
153	Can add site config	39	add_siteconfig
154	Can change site config	39	change_siteconfig
155	Can delete site config	39	delete_siteconfig
156	Can view site config	39	view_siteconfig
165	Can add product review	42	add_productreview
166	Can change product review	42	change_productreview
167	Can delete product review	42	delete_productreview
168	Can view product review	42	view_productreview
169	Can add promotion	43	add_promotion
170	Can change promotion	43	change_promotion
171	Can delete promotion	43	delete_promotion
172	Can view promotion	43	view_promotion
173	Can add banner	44	add_banner
174	Can change banner	44	change_banner
175	Can delete banner	44	delete_banner
176	Can view banner	44	view_banner
\.


--
-- Data for Name: auth_user; Type: TABLE DATA; Schema: public; Owner: -
--

COPY public.auth_user (id, password, last_login, is_superuser, username, first_name, last_name, email, is_staff, is_active, date_joined) FROM stdin;
1		\N	f	seed-author	Được Mùa	Editorial	seed-author@duocmua.local	f	t	2026-05-05 16:23:22.295585+07
2		\N	f	api-order-test			api-order-test@example.com	f	t	2026-05-05 16:40:48.943921+07
3		\N	f	api-account-test	Nguyen Test		api-account-test@example.com	f	t	2026-05-05 16:50:52.9123+07
4	pbkdf2_sha256$1200000$LOqZFU6fMHtpYmwac5JuIA$VxuGf8JWIUzq8zTGYNBpWHxj3eBo0nQPaBnmkQKmYn0=	\N	f	api-admin-normal			normal@example.com	f	t	2026-05-05 17:02:28.473417+07
5	pbkdf2_sha256$1200000$K7C9emakRFFx9U3KNg5kJv$qiyQqSKMiAiVVkHR0VNTWB2r2E982nqiP0V45Ughi/I=	\N	f	api-admin-staff			staff@example.com	t	t	2026-05-05 17:02:30.373127+07
6		\N	f	yhpuLvLu6SNCQe7Opbk43vyauWy1	Huy Ha		hgmmenter@gmail.com	f	t	2026-05-05 23:17:51.336+07
8		\N	f	e2e-staff	E2E Staff		e2e-staff@example.com	t	t	2026-05-06 05:19:52.772926+07
7		\N	f	e2e-user	E2E Updated User		e2e-user@example.com	f	t	2026-05-06 05:19:52.765503+07
9		\N	f	admin-cms-staff	Admin CMS		admin-cms-staff@example.com	t	t	2026-05-06 05:23:36.791484+07
10		\N	f	admin-cms-user	Normal User		admin-cms-user@example.com	f	t	2026-05-06 05:23:36.79388+07
11		\N	f	s3vBADQQ7rMSre7UGa9Y9SYKAM23			test@gmail.com	f	t	2026-05-06 14:42:21.522986+07
12	!KUGfKzp1KxXnUkpyMAgkCGjfzljZyuYYEwwBeG4P	\N	t	hKv2KlyjDwNMcqtUMIxrPwIEFsG3	Quản Trị Viên		admin@duocmua.vn	t	t	2026-05-06 15:22:01.05504+07
\.


--
-- Data for Name: auth_user_groups; Type: TABLE DATA; Schema: public; Owner: -
--

COPY public.auth_user_groups (id, user_id, group_id) FROM stdin;
\.


--
-- Data for Name: auth_user_user_permissions; Type: TABLE DATA; Schema: public; Owner: -
--

COPY public.auth_user_user_permissions (id, user_id, permission_id) FROM stdin;
\.


--
-- Data for Name: contact_banner; Type: TABLE DATA; Schema: public; Owner: -
--

COPY public.contact_banner (id, title, subtitle, image, link, "order", is_active, tag, bg_color, subtitle_en, title_en, location) FROM stdin;
1	E2E Banner	Admin CMS banner		https://duocmua.local	99	t					home,products
2	Khuyến mãi 2	Nông nghiệp	banners/banner_tintuc.jpg	https://google.com	0	t			Agriculture	Promo 2	home,products,news
3	Được mùa GAH	Luôn mang đến cho khách hàng những sản phẩm trí tuệ và chất lượng hàng đầu	banners/banner_sanpham.jpg	https://google.com	0	t			Always provides customers with top-quality, intellectually superior products.		home,products
\.


--
-- Data for Name: contact_contactsubmission; Type: TABLE DATA; Schema: public; Owner: -
--

COPY public.contact_contactsubmission (id, name, phone, email, message, created_at, is_read) FROM stdin;
1	Khach Test	0900000000	khach@example.com	Can tu van san pham	2026-05-05 16:50:53.278348+07	f
2	E2E Contact	0901234567	e2e-contact@example.com	E2E contact submission	2026-05-06 05:20:32.994389+07	f
3	Khách hàng		chat@duocmua.vn	Tôi cần giúp	2026-05-06 16:22:24.448287+07	f
\.


--
-- Data for Name: contact_siteconfig; Type: TABLE DATA; Schema: public; Owner: -
--

COPY public.contact_siteconfig (id, hotline, zalo_url, facebook_url, address, email, google_map_embed, policy_buying, policy_shipping, about_en, tagline_en, about, tagline) FROM stdin;
1	028.62.777.693		https://www.facebook.com/duocmua.thuoctrusaubenh	Số 41, đường 2A, KDC Nam Hùng Vương, P. An Lạc,  TP. Hồ Chí Minh	duocmuavn@gmail.com	<iframe src="https://www.google.com/maps/embed?pb=!1m14!1m8!1m3!1d3726.1352337174962!2d106.61099484639682!3d10.726890596728914!3m2!1i1024!2i768!4f13.1!3m3!1m2!1s0x31752de99ee0d237%3A0x367e9fbe29ae58ca!2zNDEgxJDGsOG7nW5nIHPhu5EgMkEsIEFuIEzhuqFjLCBI4buTIENow60gTWluaCwgVmnhu4d0IE5hbQ!5e1!3m2!1svi!2sph!4v1778138415060!5m2!1svi!2sph" width="260" height="150" style="border:0;" allowfullscreen="" loading="lazy" referrerpolicy="no-referrer-when-downgrade"></iframe>			Duoc Mua GAH is a leading agricultural solutions provider in Vietnam.	Smart Solutions – Unique Products – Professional Service		
\.


--
-- Data for Name: django_admin_log; Type: TABLE DATA; Schema: public; Owner: -
--

COPY public.django_admin_log (id, action_time, object_id, object_repr, action_flag, change_message, content_type_id, user_id) FROM stdin;
\.


--
-- Data for Name: django_content_type; Type: TABLE DATA; Schema: public; Owner: -
--

COPY public.django_content_type (id, app_label, model) FROM stdin;
1	admin	logentry
2	auth	permission
3	auth	group
4	auth	user
5	contenttypes	contenttype
6	sessions	session
25	products	category
26	products	plant
27	products	product
28	products	productimage
29	orders	order
30	orders	orderitem
31	news	article
32	news	hashtag
33	news	newscategory
34	documents	doccategory
35	documents	document
36	accounts	address
37	accounts	userprofile
38	contact	contactsubmission
39	contact	siteconfig
40	accounts	commune
41	accounts	province
42	products	productreview
43	orders	promotion
44	contact	banner
\.


--
-- Data for Name: django_migrations; Type: TABLE DATA; Schema: public; Owner: -
--

COPY public.django_migrations (id, app, name, applied) FROM stdin;
1	contenttypes	0001_initial	2026-05-05 08:09:49.010648+07
2	auth	0001_initial	2026-05-05 08:09:49.168993+07
3	admin	0001_initial	2026-05-05 08:09:49.228267+07
4	admin	0002_logentry_remove_auto_add	2026-05-05 08:09:49.251012+07
5	admin	0003_logentry_add_action_flag_choices	2026-05-05 08:09:49.266834+07
6	contenttypes	0002_remove_content_type_name	2026-05-05 08:09:49.301059+07
7	auth	0002_alter_permission_name_max_length	2026-05-05 08:09:49.318176+07
8	auth	0003_alter_user_email_max_length	2026-05-05 08:09:49.340035+07
9	auth	0004_alter_user_username_opts	2026-05-05 08:09:49.351648+07
10	auth	0005_alter_user_last_login_null	2026-05-05 08:09:49.36634+07
11	auth	0006_require_contenttypes_0002	2026-05-05 08:09:49.368117+07
12	auth	0007_alter_validators_add_error_messages	2026-05-05 08:09:49.383127+07
13	auth	0008_alter_user_username_max_length	2026-05-05 08:09:49.403756+07
14	auth	0009_alter_user_last_name_max_length	2026-05-05 08:09:49.420951+07
15	auth	0010_alter_group_name_max_length	2026-05-05 08:09:49.437159+07
16	auth	0011_update_proxy_permissions	2026-05-05 08:09:49.449028+07
17	auth	0012_alter_user_first_name_max_length	2026-05-05 08:09:49.466065+07
20	sessions	0001_initial	2026-05-05 08:09:49.937218+07
21	products	0001_initial	2026-05-05 15:46:02.707795+07
22	orders	0001_initial	2026-05-05 15:54:07.611446+07
23	news	0001_initial	2026-05-05 15:56:37.021932+07
24	documents	0001_initial	2026-05-05 16:03:17.742983+07
25	accounts	0001_initial	2026-05-05 16:06:36.042446+07
26	contact	0001_initial	2026-05-05 16:06:36.056123+07
27	accounts	0002_administrative_units_stage1	2026-05-05 16:14:03.852803+07
28	accounts	0003_address_fk_administrative_units	2026-05-05 16:15:40.201266+07
29	contact	0002_banner	2026-05-05 16:18:26.054933+07
30	orders	0002_promotion	2026-05-05 16:18:26.067235+07
31	products	0002_productreview	2026-05-05 16:18:26.101257+07
32	products	0003_category_description_en_category_name_en_and_more	2026-05-06 10:13:37.878607+07
33	contact	0003_banner_subtitle_en_banner_title_en_and_more	2026-05-06 10:15:26.339092+07
34	documents	0002_doccategory_name_en_document_content_en_and_more	2026-05-06 10:15:26.365417+07
35	news	0002_article_content_en_article_summary_en_and_more	2026-05-06 10:15:26.425305+07
36	accounts	0004_userprofile_full_name	2026-05-06 15:24:53.171028+07
37	products	0004_category_description	2026-05-06 15:38:20.703237+07
38	contact	0004_siteconfig_about_siteconfig_tagline	2026-05-06 15:52:22.992312+07
39	contact	0005_add_banner_location	2026-05-07 10:30:35.228252+07
40	orders	0003_add_order_discount	2026-05-07 14:42:28.843536+07
41	products	0005_rename_product_image_upload_path	2026-05-08 22:26:16.86934+07
\.


--
-- Data for Name: django_session; Type: TABLE DATA; Schema: public; Owner: -
--

COPY public.django_session (session_key, session_data, expire_date) FROM stdin;
\.


--
-- Data for Name: documents_doccategory; Type: TABLE DATA; Schema: public; Owner: -
--

COPY public.documents_doccategory (id, name, slug, name_en) FROM stdin;
1	Thuốc BVTV	thuoc-bvtv	
3	Máy & TB	may-tb	
2	Kỹ Thuật	ky-thuat	
4	Tài liệu Kỹ Thuật	tai-lieu-ky-thuat	Technical Documents
\.


--
-- Data for Name: documents_document; Type: TABLE DATA; Schema: public; Owner: -
--

COPY public.documents_document (id, title, slug, doc_type, thumbnail, summary, content, file, video_url, is_published, created_at, updated_at, category_id, content_en, summary_en, title_en) FROM stdin;
1	Hướng Dẫn Sử Dụng Anvil 5SC	paper-huong-dan-su-dung-anvil-5sc	paper		Tài liệu đọc cập nhật 01/2026.	Nội dung hướng dẫn cho Hướng Dẫn Sử Dụng Anvil 5SC.		\N	t	2026-05-05 16:23:22.488906+07	2026-05-05 16:23:22.488915+07	1			
2	Quy Trình Bón Phân Cho Cây Ăn Trái	paper-quy-trinh-bon-phan-cho-cay-an-trai	paper		Tài liệu đọc cập nhật 12/2025.	Nội dung hướng dẫn cho Quy Trình Bón Phân Cho Cây Ăn Trái.		\N	t	2026-05-05 16:23:22.496915+07	2026-05-05 16:23:22.496923+07	2			
3	Hướng Dẫn Vận Hành Máy Phun Điện 16L	paper-huong-dan-van-hanh-may-phun-ien-16l	paper		Tài liệu đọc cập nhật 11/2025.	Nội dung hướng dẫn cho Hướng Dẫn Vận Hành Máy Phun Điện 16L.		\N	t	2026-05-05 16:23:22.50099+07	2026-05-05 16:23:22.500997+07	3			
4	Phòng Trừ Tuyến Trùng Trên Tiêu, Cà Phê	paper-phong-tru-tuyen-trung-tren-tieu-ca-phe	paper		Tài liệu đọc cập nhật 10/2025.	Nội dung hướng dẫn cho Phòng Trừ Tuyến Trùng Trên Tiêu, Cà Phê.		\N	t	2026-05-05 16:23:22.506002+07	2026-05-05 16:23:22.50601+07	2			
5	Quản Lý Dịch Hại Tổng Hợp IPM Trên Lúa	paper-quan-ly-dich-hai-tong-hop-ipm-tren-lua	paper		Tài liệu đọc cập nhật 09/2025.	Nội dung hướng dẫn cho Quản Lý Dịch Hại Tổng Hợp IPM Trên Lúa.		\N	t	2026-05-05 16:23:22.510071+07	2026-05-05 16:23:22.51008+07	2			
6	Demo Máy Phun Điện 16L Ngoài Đồng	video-demo-may-phun-ien-16l-ngoai-ong	video		Video hướng dẫn thời lượng 5:32.	Video minh họa cho Demo Máy Phun Điện 16L Ngoài Đồng.		https://www.youtube.com/watch?v=duocmua-demo-1	t	2026-05-05 16:23:22.514659+07	2026-05-05 16:23:22.514667+07	3			
7	Cách Pha Và Phun Thuốc Trừ Sâu An Toàn	video-cach-pha-va-phun-thuoc-tru-sau-an-toan	video		Video hướng dẫn thời lượng 8:15.	Video minh họa cho Cách Pha Và Phun Thuốc Trừ Sâu An Toàn.		https://www.youtube.com/watch?v=duocmua-demo-2	t	2026-05-05 16:23:22.518927+07	2026-05-05 16:23:22.518937+07	2			
8	Phòng Trừ Ốc Bươu Vàng Hiệu Quả Trên Ruộng Lúa	video-phong-tru-oc-buou-vang-hieu-qua-tren-ruong-lua	video		Video hướng dẫn thời lượng 6:48.	Video minh họa cho Phòng Trừ Ốc Bươu Vàng Hiệu Quả Trên Ruộng Lúa.		https://www.youtube.com/watch?v=duocmua-demo-3	t	2026-05-05 16:23:22.523671+07	2026-05-05 16:23:22.523679+07	2			
9	Hướng Dẫn Sử Dụng Thuốc Kích Thích Ra Hoa	video-huong-dan-su-dung-thuoc-kich-thich-ra-hoa	video		Video hướng dẫn thời lượng 4:20.	Video minh họa cho Hướng Dẫn Sử Dụng Thuốc Kích Thích Ra Hoa.		https://www.youtube.com/watch?v=duocmua-demo-4	t	2026-05-05 16:23:22.528205+07	2026-05-05 16:23:22.528214+07	2			
10	Kỹ Thuật Phun Thuốc Đúng Cách - 4 Đúng	video-ky-thuat-phun-thuoc-ung-cach-4-ung	video		Video hướng dẫn thời lượng 7:05.	Video minh họa cho Kỹ Thuật Phun Thuốc Đúng Cách - 4 Đúng.		https://www.youtube.com/watch?v=duocmua-demo-5	t	2026-05-05 16:23:22.532164+07	2026-05-05 16:23:22.532171+07	2			
12	QUY TRÌNH XỬ LÝ HOÀN TOÀN BỆNH THỐI CỦ: DONG RIỀNG, GỪNG, NGHỆ.	quy-trinh-xu-ly-hoan-toan-benh-thoi-cu-dong-rieng-gung-nghe	paper		Tài liệu kỹ thuật: QUY TRÌNH XỬ LÝ HOÀN TOÀN BỆNH THỐI CỦ: DONG RIỀNG, GỪNG, NGHỆ.		documents/ThoiCu_DongGiengGungNghe__cf227985.pdf	\N	t	2023-10-18 08:12:48+07	2026-05-09 01:16:11.739034+07	4		Tài liệu kỹ thuật: QUY TRÌNH XỬ LÝ HOÀN TOÀN BỆNH THỐI CỦ: DONG RIỀNG, GỪNG, NGHỆ.	QUY TRÌNH XỬ LÝ HOÀN TOÀN BỆNH THỐI CỦ: DONG RIỀNG, GỪNG, NGHỆ.
13	ĐIỀU TRỊ THÀNH CÔNG PANAMA TRÊN CÂY CHUỐI - HIỆU QUẢ PHI THƯỜNG	dieu-tri-thanh-cong-panama-tren-cay-chuoi-hieu-qua-phi-thuong	paper		Tài liệu kỹ thuật: ĐIỀU TRỊ THÀNH CÔNG PANAMA TRÊN CÂY CHUỐI - HIỆU QUẢ PHI THƯỜNG		documents/BenhPanamaChuoi_eed899da.pdf	\N	t	2023-10-18 07:40:15+07	2026-05-09 01:16:11.751256+07	4		Tài liệu kỹ thuật: ĐIỀU TRỊ THÀNH CÔNG PANAMA TRÊN CÂY CHUỐI - HIỆU QUẢ PHI THƯỜNG	ĐIỀU TRỊ THÀNH CÔNG PANAMA TRÊN CÂY CHUỐI - HIỆU QUẢ PHI THƯỜNG
14	QUY TRÌNH XỬ LÝ VÀNG LÀ GÂN XANH CÂY CÓ MÚI	quy-trinh-xu-ly-vang-la-gan-xanh-cay-co-mui	paper		Tài liệu kỹ thuật: QUY TRÌNH XỬ LÝ VÀNG LÀ GÂN XANH CÂY CÓ MÚI		documents/BenhVangLaGanXanh_be71a6f7.pdf	\N	t	2023-10-16 03:21:34+07	2026-05-09 01:16:11.756166+07	4		Tài liệu kỹ thuật: QUY TRÌNH XỬ LÝ VÀNG LÀ GÂN XANH CÂY CÓ MÚI	QUY TRÌNH XỬ LÝ VÀNG LÀ GÂN XANH CÂY CÓ MÚI
15	GIẢI PHÁP HOÀN HẢO CHO BỆNH THÁN THƯ ỚT	giai-phap-hoan-hao-cho-benh-than-thu-ot	paper		Tài liệu kỹ thuật: GIẢI PHÁP HOÀN HẢO CHO BỆNH THÁN THƯ ỚT		documents/BenhThanThuOt_90044ee4.pdf	\N	t	2023-10-04 02:54:40+07	2026-05-09 01:16:11.761183+07	4		Tài liệu kỹ thuật: GIẢI PHÁP HOÀN HẢO CHO BỆNH THÁN THƯ ỚT	GIẢI PHÁP HOÀN HẢO CHO BỆNH THÁN THƯ ỚT
16	XỬ LÝ THÀNH CÔNG BỆNH THÁN THƯ TRÊN CÂY HỒI, KHÔI PHỤC NĂNG SUẤT	xu-ly-thanh-cong-benh-than-thu-tren-cay-hoi-khoi-phuc-nang-suat	paper		Tài liệu kỹ thuật: XỬ LÝ THÀNH CÔNG BỆNH THÁN THƯ TRÊN CÂY HỒI, KHÔI PHỤC NĂNG SUẤT		documents/BenhThanThuCayHoi_f1730a84.pdf	\N	t	2023-10-04 02:54:04+07	2026-05-09 01:16:11.766415+07	4		Tài liệu kỹ thuật: XỬ LÝ THÀNH CÔNG BỆNH THÁN THƯ TRÊN CÂY HỒI, KHÔI PHỤC NĂNG SUẤT	XỬ LÝ THÀNH CÔNG BỆNH THÁN THƯ TRÊN CÂY HỒI, KHÔI PHỤC NĂNG SUẤT
17	GIẢI PHÁP XỬ LÝ BỆNH SƠ ĐEN MÍT	giai-phap-xu-ly-benh-so-den-mit	paper		Tài liệu kỹ thuật: GIẢI PHÁP XỬ LÝ BỆNH SƠ ĐEN MÍT		documents/BenhSoDenCayMit_2eeee53f.pdf	\N	t	2023-10-03 09:18:00+07	2026-05-09 01:16:11.771626+07	4		Tài liệu kỹ thuật: GIẢI PHÁP XỬ LÝ BỆNH SƠ ĐEN MÍT	GIẢI PHÁP XỬ LÝ BỆNH SƠ ĐEN MÍT
18	XỬ LÝ HOÀN TOÀN BỆNH CHÁY LÁ KHOAI MÔN	xu-ly-hoan-toan-benh-chay-la-khoai-mon	paper		Tài liệu kỹ thuật: XỬ LÝ HOÀN TOÀN BỆNH CHÁY LÁ KHOAI MÔN		documents/BenhCayKhoaiMon_bb92741a.pdf	\N	t	2023-10-03 09:14:42+07	2026-05-09 01:16:11.776659+07	4		Tài liệu kỹ thuật: XỬ LÝ HOÀN TOÀN BỆNH CHÁY LÁ KHOAI MÔN	XỬ LÝ HOÀN TOÀN BỆNH CHÁY LÁ KHOAI MÔN
19	QUY TRÌNH ĐIỀU TRỊ BỆNH BẠCH TẠNG CÂY CHÈ	quy-trinh-dieu-tri-benh-bach-tang-cay-che	paper		Tài liệu kỹ thuật: QUY TRÌNH ĐIỀU TRỊ BỆNH BẠCH TẠNG CÂY CHÈ		documents/BachTangCayChe_08466fe0.pdf	\N	t	2023-10-03 07:58:37+07	2026-05-09 01:16:11.782473+07	4		Tài liệu kỹ thuật: QUY TRÌNH ĐIỀU TRỊ BỆNH BẠCH TẠNG CÂY CHÈ	QUY TRÌNH ĐIỀU TRỊ BỆNH BẠCH TẠNG CÂY CHÈ
20	QUY TRÌNH TRỊ BỆNH PHÌNH THÂN CHANH DÂY	quy-trinh-tri-benh-phinh-than-chanh-day	paper		Tài liệu kỹ thuật: QUY TRÌNH TRỊ BỆNH PHÌNH THÂN CHANH DÂY		documents/CHANH_DAY_PHINH_THAN_1c8503e6.pdf	\N	t	2022-11-30 04:52:50+07	2026-05-09 01:16:11.78743+07	4		Tài liệu kỹ thuật: QUY TRÌNH TRỊ BỆNH PHÌNH THÂN CHANH DÂY	QUY TRÌNH TRỊ BỆNH PHÌNH THÂN CHANH DÂY
21	GIẢI PHÁP HIỆU QUẢ TIÊU DIỆT VIRUS TRÊN CÂY TRỒNG	giai-phap-hieu-qua-tieu-diet-virus-tren-cay-trong	paper		Tài liệu kỹ thuật: GIẢI PHÁP HIỆU QUẢ TIÊU DIỆT VIRUS TRÊN CÂY TRỒNG		documents/HOBYO_82f440c7.pdf	\N	t	2022-04-25 00:12:39+07	2026-05-09 01:16:11.793461+07	4		Tài liệu kỹ thuật: GIẢI PHÁP HIỆU QUẢ TIÊU DIỆT VIRUS TRÊN CÂY TRỒNG	GIẢI PHÁP HIỆU QUẢ TIÊU DIỆT VIRUS TRÊN CÂY TRỒNG
\.


--
-- Data for Name: documents_document_plants; Type: TABLE DATA; Schema: public; Owner: -
--

COPY public.documents_document_plants (id, document_id, plant_id) FROM stdin;
1	1	1
2	2	3
3	3	1
4	3	2
5	3	3
6	3	4
7	3	5
8	3	6
9	3	7
10	4	5
11	4	6
12	5	1
13	6	1
14	7	1
15	7	2
16	7	3
17	7	4
18	7	5
19	7	6
20	7	7
21	8	1
22	9	3
23	10	1
24	10	2
25	10	3
26	10	4
27	10	5
28	10	6
29	10	7
\.


--
-- Data for Name: news_article; Type: TABLE DATA; Schema: public; Owner: -
--

COPY public.news_article (id, title, slug, thumbnail, summary, content, is_published, published_at, view_count, created_at, updated_at, author_id, category_id, content_en, summary_en, title_en) FROM stdin;
17	ĐIỀU TRỊ DỨT ĐIỂM BỆNH THỐI CỦ DONG RIỀNG	dieu-tri-dut-diem-benh-thoi-cu-dong-rieng		GIẢI PHÁP MỚI, CÔNG NGHỆ HIỆN ĐẠI xử lý thành công hiện tượng Thối Củ trên cây Dong Riềng.&nbsp; &nbsp; &nbsp; &nbsp;Bệnh Thối Củ đã làm đau đầu Giới nghiên cứu và gây thiệt hại kinh tế cho Bà con các vùng chuyên canh cây Dong Riềng trong nhiều năm nay. Trải qua nhiều năm nghiên	\n<h1 style="text-align: center; ">GIẢI PHÁP MỚI, CÔNG NGHỆ HIỆN ĐẠI xử lý thành công hiện tượng Thối Củ trên cây Dong Riềng.&nbsp;</h1><p style="text-align: center; ">&nbsp; &nbsp; &nbsp;Bệnh Thối Củ đã làm đau đầu Giới nghiên cứu và gây thiệt hại kinh tế cho Bà con các vùng chuyên canh cây Dong Riềng trong nhiều năm nay. Trải qua nhiều năm nghiên cứu, thực nghiệm ngoài đồng ruộng, chúng tôi đã nắm bắt những kỹ thuật cốt yếu để xử lý Nguyên nhân gây ra bệnh.&nbsp;</p><p style="text-align: center; "><iframe width="200" height="113" src="https://www.youtube.com/embed/PGerFc0mQrg?feature=oembed" frameborder="0" allow="accelerometer; autoplay; clipboard-write; encrypted-media; gyroscope; picture-in-picture; web-share" allowfullscreen="" title="ĐIỀU TRỊ DỨT ĐIỂM BỆNH THỐI CỦ DONG RIỀNG"></iframe><br></p>\n    \n	t	2024-01-25 14:26:28+07	0	2026-05-09 21:38:06.23767+07	2026-05-09 21:38:06.23769+07	12	5	[This article is available in Vietnamese only.]	Company news: GIẢI PHÁP MỚI, CÔNG NGHỆ HIỆN ĐẠI xử lý thành công hiện tượng Thối Củ trên cây Dong Riềng.&nbsp; &nbsp; &nbsp; &nbsp;Bệnh Thối Củ đã làm đau đầu Giới nghiên cứu và gây thiệt hại kinh tế cho Bà con các	ĐIỀU TRỊ DỨT ĐIỂM BỆNH THỐI CỦ DONG RIỀNG
16	XỬ LÝ PANAMA CHUỐI - HIỆU QUẢ PHI THƯỜNG	xu-ly-panama-chuoi-hieu-qua-phi-thuong	news/xu-ly-panama-chuoi-hieu-qua-phi-thuong_fa28bfb76a78.png	Qua hàng chục năm nghiên cứu và thử nghiệm, công ty Được Mùa đã chuẩn hóa quy trình và giải pháp điều trị bệnh Panama cho cây Chuối. Hiệu quả phòng trừ đáng kinh ngạc, hơn cả mong đợi của các chủ Farm và chưa có phương pháp xử lý nào trên thế giới mang lại hiệu quả tương đương. Đ	\n<h1 style="text-align: center; ">Qua hàng chục năm nghiên cứu và thử nghiệm, công ty Được Mùa đã chuẩn hóa quy trình và giải pháp điều trị bệnh Panama cho cây Chuối. Hiệu quả phòng trừ đáng kinh ngạc, hơn cả mong đợi của các chủ Farm và chưa có phương pháp xử lý nào trên thế giới mang lại hiệu quả tương đương. Đây là một thành tựu khẳng định vị thế của công ty Được Mùa trong nghiên cứu về Khoa học Kỹ Thuật.</h1><br><p style="text-align: center;"><iframe width="200" height="113" src="https://www.youtube.com/embed/ITrR6GFf-Rc?feature=oembed" frameborder="0" allow="accelerometer; autoplay; clipboard-write; encrypted-media; gyroscope; picture-in-picture; web-share" allowfullscreen="" title="BỆNH PANAMA CHUỐI - HIỆU QUẢ PHI THƯỜNG"></iframe><br></p><br>\n    \n	t	2024-01-25 14:45:42+07	1	2026-05-09 21:38:06.202934+07	2026-05-09 21:38:06.202952+07	12	5	[This article is available in Vietnamese only.]	Company news: Qua hàng chục năm nghiên cứu và thử nghiệm, công ty Được Mùa đã chuẩn hóa quy trình và giải pháp điều trị bệnh Panama cho cây Chuối. Hiệu quả phòng trừ đáng kinh ngạc, hơn cả mong đợi của các chủ Farm	XỬ LÝ PANAMA CHUỐI - HIỆU QUẢ PHI THƯỜNG
18	XỬ LÝ BỆNH XOĂN LÁ, CHÙN NGỌN VIRUS TRÊN CÂY ỚT	xu-ly-benh-xoan-la-chun-ngon-virus-tren-cay-ot	news/xu-ly-benh-xoan-la-chun-ngon-virus-tren-cay-ot_651b185a52be.jpg	CÔNG TY TNHH ĐƯỢC MÙA HỢP TÁC CÙNG VIỆN BẢO VỆ THỰC VẬT&nbsp; XỬ LÝ THÀNH CÔNG VIRUS XOĂN LÁ, CHÙN NGỌN TRÊN CÂY ỚT Việc xử lý được bệnh Virus trên cây trồng là một thành công thay đổi tư duy trong nông nghiệp. là bước đột phá mới trong công nghệ Bảo Vệ Thực Vật tại Việt Nam Cây	\n<h1 style="text-align: center;"><strong>CÔNG TY TNHH ĐƯỢC MÙA HỢP TÁC CÙNG VIỆN BẢO VỆ THỰC VẬT&nbsp;<br></strong><strong>XỬ LÝ THÀNH CÔNG VIRUS XOĂN LÁ, CHÙN NGỌN TRÊN CÂY ỚT</strong></h1><p style="text-align: center;"><strong>Việc xử lý được bệnh Virus trên cây trồng là một thành công thay đổi tư duy trong nông nghiệp. là bước đột phá mới trong công nghệ Bảo Vệ Thực Vật tại Việt Nam</strong></p><p style="text-align: center;"><iframe width="200" height="113" src="https://www.youtube.com/embed/inY3BpyCiDw?feature=oembed" frameborder="0" allow="accelerometer; autoplay; clipboard-write; encrypted-media; gyroscope; picture-in-picture; web-share" allowfullscreen="" title="HIỆU QUẢ ĐẶC TRỊ BỆNH XOĂN LÁ ỚT, CHÙN NGỌN ỚT"></iframe><strong><br></strong></p><p style="text-align: center;"> <img src="/media/news/Xoan la Ot/Xoan la Ot ngay 1.jpg"><br></p><p style="text-align: center;">Cây bị bệnh</p><br><p style="text-align: center;"> <img src="/media/news/Xoan la Ot/Xoan La Ot sau 4 ngay.jpg"><br></p><p style="text-align: center;">Sau khi xử lý 4 ngày</p><br><p style="text-align: center;"> <img src="/media/news/Xoan la Ot/Xoan La Ot sau 7 ngay.jpg"><br></p><p style="text-align: center;">Sau xử lý 7 ngày</p><br><br>\n    \n	t	2024-01-08 06:10:23+07	1	2026-05-09 21:38:06.258341+07	2026-05-09 21:38:06.258358+07	12	5	[This article is available in Vietnamese only.]	Company news: CÔNG TY TNHH ĐƯỢC MÙA HỢP TÁC CÙNG VIỆN BẢO VỆ THỰC VẬT&nbsp; XỬ LÝ THÀNH CÔNG VIRUS XOĂN LÁ, CHÙN NGỌN TRÊN CÂY ỚT Việc xử lý được bệnh Virus trên cây trồng là một thành công thay đổi tư duy trong nô	XỬ LÝ BỆNH XOĂN LÁ, CHÙN NGỌN VIRUS TRÊN CÂY ỚT
19	ĐƯỢC MUA THAM DỰ 100 DOANH NGHIỆP TIÊU BIỂU VIỆT NAM TRÊN ALIBABA.COM	duoc-mua-tham-du-100-doanh-nghiep-tieu-bieu-viet-nam-tren-alibaba-com	news/duoc-mua-tham-du-100-doanh-nghiep-tieu-bieu-viet-nam-tren-alibaba-com_01aa98a56953.jpg	𝑽𝑰𝑬𝑻𝑵𝑨𝑴 𝑷𝑨𝑽𝑰𝑳𝑰𝑶𝑵 𝒐𝒏 𝑨𝑳𝑰𝑩𝑨𝑩𝑨 . 𝑪𝑶𝑴 Nhằm hội nhập quốc tế và đạt mục tiêu xuất khẩu sản phẩm nông dược đến nhiều nước trên thế giới, công ty TNHH Được Mùa đã nỗ lực để tham dự 100 doanh nghiệp tiêu biểu của Việt Nam trên sàn điện tử thương mại quốc tế Alibaba.com. Hội nghị được tổ	\n<p class="MsoNormal" align="center" style="text-align:center"><span style="font-family:&quot;Cambria Math&quot;,serif;mso-bidi-font-family:&quot;Cambria Math&quot;">𝑽𝑰𝑬𝑻𝑵𝑨𝑴</span><span style="font-family:&quot;Verdana&quot;,sans-serif"> </span><span style="font-family:&quot;Cambria Math&quot;,serif;\nmso-bidi-font-family:&quot;Cambria Math&quot;">𝑷𝑨𝑽𝑰𝑳𝑰𝑶𝑵</span><span style="font-family:&quot;Verdana&quot;,sans-serif"> </span><span style="font-family:&quot;Cambria Math&quot;,serif;\nmso-bidi-font-family:&quot;Cambria Math&quot;">𝒐𝒏</span><span style="font-family:&quot;Verdana&quot;,sans-serif"> </span><span style="font-family:&quot;Cambria Math&quot;,serif;\nmso-bidi-font-family:&quot;Cambria Math&quot;">𝑨𝑳𝑰𝑩𝑨𝑩𝑨</span><span style="font-family:&quot;Verdana&quot;,sans-serif">.</span><span style="font-family:&quot;Cambria Math&quot;,serif;\nmso-bidi-font-family:&quot;Cambria Math&quot;">𝑪𝑶𝑴</span><span style="font-family:&quot;Verdana&quot;,sans-serif"><o:p></o:p></span></p>\n<p class="MsoNormal" style="text-indent:36.0pt"><span style="font-family:&quot;Verdana&quot;,sans-serif">Nhằm\nhội nhập quốc tế và đạt mục tiêu xuất khẩu sản phẩm nông dược đến nhiều nước\ntrên thế giới, công ty TNHH Được Mùa đã nỗ lực để tham dự 100 doanh nghiệp tiêu\nbiểu của Việt Nam trên sàn điện tử thương mại quốc tế Alibaba.com. <o:p></o:p></span></p>\n<p class="MsoNormal" style="text-indent:36.0pt"><span style="font-family:&quot;Verdana&quot;,sans-serif">Hội\nnghị được tổ chức vào ngày 28/11/2023 tại Hà Nội dưới sự bảo trợ của Bộ Công\nThương Việt Nam và Tập đoàn Alibaba.</span></p><span style="font-family: Verdana, sans-serif;"></span><p style="text-align: center;"> <img src="/media/news/100 ALIBABA/HoiThaoAlibaba1.jpg"><br></p><p style="text-align: center;"> <img src="/media/news/100 ALIBABA/HoiThaoAlibaba2.jpg"></p><p style="text-align: center;"><iframe width="200" height="113" src="https://www.youtube.com/embed/6M_brkVo8Mg?feature=oembed" frameborder="0" allow="accelerometer; autoplay; clipboard-write; encrypted-media; gyroscope; picture-in-picture; web-share" allowfullscreen="" title="CÔNG TY ĐƯỢC MÙA THAM DỰ 𝑽𝑰𝑬𝑻𝑵𝑨𝑴 𝑷𝑨𝑽𝑰𝑳𝑰𝑶𝑵 𝒐𝒏 𝑨𝑳𝑰𝑩𝑨𝑩𝑨.𝑪𝑶𝑴"></iframe><br></p>\n    \n	t	2024-01-08 05:32:16+07	0	2026-05-09 21:38:06.275026+07	2026-05-09 21:38:06.275043+07	12	5	[This article is available in Vietnamese only.]	Company news: 𝑽𝑰𝑬𝑻𝑵𝑨𝑴 𝑷𝑨𝑽𝑰𝑳𝑰𝑶𝑵 𝒐𝒏 𝑨𝑳𝑰𝑩𝑨𝑩𝑨 . 𝑪𝑶𝑴 Nhằm hội nhập quốc tế và đạt mục tiêu xuất khẩu sản phẩm nông dược đến nhiều nước trên thế giới, công ty TNHH Được Mùa đã nỗ lực để tham dự 100 doanh nghiệp tiêu biểu	ĐƯỢC MUA THAM DỰ 100 DOANH NGHIỆP TIÊU BIỂU VIỆT NAM TRÊN ALIBABA.COM
20	CÔNG TY ĐƯỢC MÙA THAM DỰ 𝐕𝐈𝐄𝐓𝐍𝐀𝐌 - 𝐉𝐀𝐏𝐀𝐍 𝐀𝐆𝐑𝐈𝐓𝐄𝐂𝐇 𝐅𝐎𝐑𝐔𝐌	cong-ty-duoc-mua-tham-du	news/cong-ty-duoc-mua-tham-du_75884f8484c8.jpg	𝐕𝐈𝐄𝐓𝐍𝐀𝐌 - 𝐉𝐀𝐏𝐀𝐍 𝐀𝐆𝐑𝐈𝐓𝐄𝐂𝐇 𝐅𝐎𝐑𝐔𝐌 Để củng cố vị thế và mục tiêu là công ty kỹ thuật công nghệ cao về nông nghiệp. Công ty TNHH Được Mùa luôn tích cực tham gia các cuộc hội thảo về phát triển nông nghiệp và hội đàm với các đối tác có nền tảng khoa học kỹ thuật nông nghiệp tốt và lớn	\n<p class="MsoNormal" align="center" style="text-align:center"><span style="font-family:&quot;Cambria Math&quot;,serif;mso-bidi-font-family:&quot;Cambria Math&quot;">𝐕𝐈𝐄𝐓𝐍𝐀𝐌</span><span style="font-family:&quot;Verdana&quot;,sans-serif"> - </span><span style="font-family:\n&quot;Cambria Math&quot;,serif;mso-bidi-font-family:&quot;Cambria Math&quot;">𝐉𝐀𝐏𝐀𝐍</span><span style="font-family:&quot;Verdana&quot;,sans-serif"> </span><span style="font-family:&quot;Cambria Math&quot;,serif;\nmso-bidi-font-family:&quot;Cambria Math&quot;">𝐀𝐆𝐑𝐈𝐓𝐄𝐂𝐇</span><span style="font-family:&quot;Verdana&quot;,sans-serif"> </span><span style="font-family:&quot;Cambria Math&quot;,serif;\nmso-bidi-font-family:&quot;Cambria Math&quot;">𝐅𝐎𝐑𝐔𝐌</span><span style="font-family:&quot;Verdana&quot;,sans-serif"><o:p></o:p></span></p>\n<p class="MsoNormal" style="text-indent:36.0pt">Để củng cố vị thế và mục tiêu là\ncông ty kỹ thuật công nghệ cao về nông nghiệp. Công ty TNHH Được Mùa luôn tích\ncực tham gia các cuộc hội thảo về phát triển nông nghiệp và hội đàm với các đối\ntác có nền tảng khoa học kỹ thuật nông nghiệp tốt và lớn mạnh trên thế giới. <o:p></o:p></p>\n<p class="MsoNormal" style="text-indent:36.0pt">Ngày 24/11/2023, công ty TNHH Được\nMùa đã hội thảo với 05 công ty đến từ Nhật Bản thuộc các lĩnh vực: Hóa chất\nnông nghiệp, giống cây trồng, Bảo quản nông sản sau thu hoạch, Nông nghiệp tuần\nhoàn, kỹ thuật sản xuất nông nghiệp ít khí thải.<o:p></o:p></p>\n<p class="MsoNormal" style="text-indent:36.0pt">Hội thảo được tổ chức dưới sự bảo\ntrợ của Viện Khoa Học Nông Nghiệp Việt Nam (VAAS) là cơ quan đầu nghành của Việt\nNam về Khoa học Nông Nghiệp.<o:p></o:p></p><p class="MsoNormal" style="text-align: center; text-indent: 36pt;"> <img src="/media/news/VN-JP Agri Forum/HoiThaoNhatBan1.jpg"><br></p><p class="MsoNormal" style="text-align: center; text-indent: 36pt;"> <img src="/media/news/VN-JP Agri Forum/HoiThaoNhatBan2.jpg"><br></p><p class="MsoNormal" style="text-align: center; text-indent: 36pt;"> <img src="/media/news/VN-JP Agri Forum/HoiThaoNhatBan1.jpg"> <img src="/media/news/VN-JP Agri Forum/HoiThaoNhatBan2.jpg"> <img src="/media/news/VN-JP Agri Forum/HoiThaoNhatBan3.jpg"><br></p>\n    \n	t	2024-01-08 05:22:53+07	0	2026-05-09 21:38:06.291826+07	2026-05-09 21:38:06.291851+07	12	5	[This article is available in Vietnamese only.]	Company news: 𝐕𝐈𝐄𝐓𝐍𝐀𝐌 - 𝐉𝐀𝐏𝐀𝐍 𝐀𝐆𝐑𝐈𝐓𝐄𝐂𝐇 𝐅𝐎𝐑𝐔𝐌 Để củng cố vị thế và mục tiêu là công ty kỹ thuật công nghệ cao về nông nghiệp. Công ty TNHH Được Mùa luôn tích cực tham gia các cuộc hội thảo về phát triển nông nghiệp 	CÔNG TY ĐƯỢC MÙA THAM DỰ 𝐕𝐈𝐄𝐓𝐍𝐀𝐌 - 𝐉𝐀𝐏𝐀𝐍 𝐀𝐆𝐑𝐈𝐓𝐄𝐂𝐇 𝐅𝐎𝐑𝐔𝐌
21	CÔNG TY ĐƯỢC MÙA THAM DỰ HỘI NGHỊ QUỐC TẾ DO FAO VÀ CABI TỔ CHỨC	cong-ty-duoc-mua-tham-du-hoi-nghi-quoc-te-do-fao-va-cabi-to-chuc	news/cong-ty-duoc-mua-tham-du-hoi-nghi-quoc-te-do-fao-va-cabi-to-chuc_54162fdc1c99.jpg	CÔNG TY TNHH ĐƯỢC MÙA THAM DỰ HỘI NGHỊ QUỐC TẾ VỀ PHÁT TRIỂN KINH TẾ NÔNG NGHIỆP TIỂU VÙNG SÔNG MEKONG Tiểu vùng sông Mekong bao gồm các nước: Việt nam, Thái Lan, Lào, Cam Pu Chia, Myanma có diện tích 2,3 triệu km2, dân số trong khu vực khoảng 350 triệu người. Trong đó lao động n	\n<p class="MsoNormal" align="center" style="text-align:center"><strong><span style="font-size:16.0pt;line-height:107%">CÔNG TY TNHH ĐƯỢC MÙA THAM DỰ HỘI NGHỊ\nQUỐC TẾ<o:p></o:p></span></strong></p>\n<p class="MsoNormal" align="center" style="text-align:center"><strong><span style="font-size:16.0pt;line-height:107%">VỀ PHÁT TRIỂN KINH TẾ NÔNG NGHIỆP TIỂU\nVÙNG SÔNG MEKONG<o:p></o:p></span></strong></p>\n<p class="MsoNormal" style="text-align:justify;text-indent:36.0pt"><span style="font-size:14.0pt;line-height:107%">Tiểu vùng sông Mekong bao gồm các nước:\nViệt nam, Thái Lan, Lào, Cam Pu Chia, Myanma có diện tích 2,3 triệu km2, dân số\ntrong khu vực khoảng 350 triệu người. Trong đó lao động nông nghiệp chiếm từ 32\nđến 70%, tùy thuộc vào mỗi quốc gia. Hàng năm đóng góp cho GDP của các nước khoảng\n11 đến 30%.<o:p></o:p></span></p>\n<p class="MsoNormal" style="text-align:justify;text-indent:36.0pt"><span style="font-size:14.0pt;line-height:107%">Tiềm năng sản xuất nông nghiệp là rất\ntốt do khí hậu ôn hòa, đất đai màu mỡ. Nhưng giá trị nông sản thì rất thấp và\nnông sản an toàn thì chiếm tỷ lệ nhỏ. Mối nguy cơ lớn hơn là sản xuất nông nghiệp\nđang phá vỡ hệ sinh thái, nó gây nhiều dịch hại nghiêm trọng và khả năng phòng\ntrừ chúng càng ngày càng khó khăn.<o:p></o:p></span></p>\n<p class="MsoNormal" style="text-align:justify;text-indent:36.0pt"><span style="font-size:14.0pt;line-height:107%">Tổ chức Nông Lương của Liên Hợp Quốc (FAO) và CAB Quốc\ntế, đã tiến hành một cuộc họp chung nghiên cứu “Chương trình tổng thể Giải pháp\ndựa vào thiên nhiên cho cây trồng thân thiện với môi trường bảo vệ và Một sức\nkhỏe trong Khu vực APRC”.&nbsp; APRC là khu vực\ntiểu vùng sông Mekong mở rộng, bao gồm: Trung Quốc, Việt nam, Thái Lan, Lào,\nCam Pu Chia, Myanma.<o:p></o:p></span></p>\n<p class="MsoNormal" style="text-align:justify;text-indent:36.0pt"><span style="font-size:14.0pt;line-height:107%">Cuộc họp diễn ra từ ngày 14 – 15\ntháng 6 năm 2023 tại Hà nội. Công ty TNHH Được Mùa đã có các thành tựu trong phát\ntriển các sản phẩm sinh học, nghiên cứu các giải pháp, quy trình điều trị các dịch\nhại nguy hiểm: Virus thực vật, Bọ trĩ, sâu xanh da láng, sâu tơ… Đại diện của\nCông Ty TNHH Được Mùa đã có phát tại cuộc họp, góp phần xây dựng nền sản xuất\nnông nghiệp giá trị cao và bền vững.<o:p></o:p></span></p><p><span style="line-height: 107%; font-size: 18.6667px;"></span></p><p style="text-align: center;"><span style="font-size: 18.6667px;"> <img src="/media/news/FAO/z4485409045937_d08c828ba26803813bac4584e1e0bda7.jpg"> <img src="/media/news/FAO/z4485409070652_21538032ea9b6dc0ad5bb7d1d0c94c58.jpg"> <img src="/media/news/FAO/z4485409070659_83041ba54cf2f465e13594ac2c67f400.jpg"> <img src="/media/news/FAO/z4485409073199_abf8d1d61f2e38b4d387ace6c6fcf734.jpg">&nbsp;</span></p><p></p>\n    \n	t	2023-07-03 15:13:55+07	0	2026-05-09 21:38:06.308397+07	2026-05-09 21:38:06.308413+07	12	5	[This article is available in Vietnamese only.]	Company news: CÔNG TY TNHH ĐƯỢC MÙA THAM DỰ HỘI NGHỊ QUỐC TẾ VỀ PHÁT TRIỂN KINH TẾ NÔNG NGHIỆP TIỂU VÙNG SÔNG MEKONG Tiểu vùng sông Mekong bao gồm các nước: Việt nam, Thái Lan, Lào, Cam Pu Chia, Myanma có diện tích	CÔNG TY ĐƯỢC MÙA THAM DỰ HỘI NGHỊ QUỐC TẾ DO FAO VÀ CABI TỔ CHỨC
\.


--
-- Data for Name: news_article_hashtags; Type: TABLE DATA; Schema: public; Owner: -
--

COPY public.news_article_hashtags (id, article_id, hashtag_id) FROM stdin;
\.


--
-- Data for Name: news_hashtag; Type: TABLE DATA; Schema: public; Owner: -
--

COPY public.news_hashtag (id, name) FROM stdin;
1	sâu-keo
2	ngô
6	năng-suất
7	hè-thu
8	kinh-nghiệm
9	sản-phẩm-mới
10	kích-thích-sinh-trưởng
11	cây-ăn-trái
12	ốc-bươu-vàng
5	lúa
3	phòng-trừ
13	thị-trường
14	xuất-khẩu
15	gạo
16	2026
17	thuốc-trừ-sâu
18	an-toàn
4	kỹ-thuật
19	4-đúng
\.


--
-- Data for Name: news_newscategory; Type: TABLE DATA; Schema: public; Owner: -
--

COPY public.news_newscategory (id, name, slug, name_en) FROM stdin;
3	Tin Tức	tin-tuc	
1	Kỹ Thuật	ky-thuat	
4	Thị Trường	thi-truong	
2	Kinh Nghiệm	kinh-nghiem	
5	Tin tức công ty	tin-tuc-cong-ty	Company News
\.


--
-- Data for Name: orders_order; Type: TABLE DATA; Schema: public; Owner: -
--

COPY public.orders_order (id, order_number, status, payment_method, payment_status, receiver_name, receiver_phone, receiver_address, subtotal, shipping_fee, total, note, vnpay_txn_ref, momo_txn_ref, created_at, updated_at, user_id, discount_amount, promotion_code) FROM stdin;
2	DM20260001	cancelled	cod	unpaid	Nguyen Van Test	0900000000	Xa Test, TP Test	5000000	0	5000000	Don hang test API step 3.2	\N	\N	2026-05-05 16:41:07.907325+07	2026-05-05 17:02:48.82109+07	2	0	
3	DM20260002	confirmed	cod	unpaid	Nguyen Van A	0900000000	TP Ho Chi Minh	120000	15000	135000		\N	\N	2026-05-05 17:04:20.995363+07	2026-05-05 17:04:21.552784+07	4	0	
4	DM20260003	cancelled	cod	unpaid	E2E Receiver cancel	0901234567	123 Test Street, Test Commune, Test Province	2950000	0	2950000	E2E order cancel	\N	\N	2026-05-06 05:20:32.896196+07	2026-05-06 05:20:32.918942+07	7	0	
5	DM20260004	confirmed	cod	unpaid	E2E Receiver admin	0901234567	123 Test Street, Test Commune, Test Province	2950000	0	2950000	E2E order admin	\N	\N	2026-05-06 05:20:32.925956+07	2026-05-06 05:20:33.012077+07	7	0	
6	DM20260005	confirmed	cod	unpaid	Ha Giang	0912312313	236 HQV, Phường Ngọc Hà, Thành phố Hà Nội	2500000	0	2500000		\N	\N	2026-05-07 14:28:36.637798+07	2026-05-07 14:30:42.237793+07	12	0	
\.


--
-- Data for Name: orders_orderitem; Type: TABLE DATA; Schema: public; Owner: -
--

COPY public.orders_orderitem (id, product_name, product_price, quantity, order_id, product_id) FROM stdin;
1	Máy Phun Thuốc Điện 16L	2500000	2	2	1
2	Máy Phun Thuốc Điện 16L	2500000	1	3	1
3	Máy Phun Thuốc Điện 16L	2500000	1	4	1
4	Bình Phun Đeo Vai 20L	450000	1	4	2
5	Máy Phun Thuốc Điện 16L	2500000	1	5	1
6	Bình Phun Đeo Vai 20L	450000	1	5	2
7	Máy Phun Thuốc Điện 16L	2500000	1	6	1
\.


--
-- Data for Name: orders_promotion; Type: TABLE DATA; Schema: public; Owner: -
--

COPY public.orders_promotion (id, code, name, discount_type, discount_value, min_order_value, start_date, end_date, usage_limit, used_count, is_active) FROM stdin;
2	NEW01	NEW01	percent	10	300000	2026-05-06	2026-05-10	1000	0	t
\.


--
-- Data for Name: products_category; Type: TABLE DATA; Schema: public; Owner: -
--

COPY public.products_category (id, name, slug, color, icon, created_at, description_en, name_en, description) FROM stdin;
1	Máy & Thiết Bị	may-thiet-bi	#1E5BAA		2026-05-05 16:23:22.302509+07		Agricultural Equipment	
2	Kích Thích Sinh Trưởng	kich-thich-sinh-truong	#7a9820		2026-05-05 16:23:22.305343+07		Plant Growth Regulators	
3	Thuốc Trừ Bệnh	thuoc-tru-benh	#c0392b		2026-05-05 16:23:22.307201+07		Fungicides	
4	Thuốc Trừ Nhuyễn Thể	thuoc-tru-nhuyen-the	#7b5ea7		2026-05-05 16:23:22.308677+07		Molluscicides	
5	Thuốc Trừ Sâu	thuoc-tru-sau	#d35400		2026-05-05 16:23:22.310701+07		Insecticides	
6	Thuốc Trừ Tuyến Trùng	thuoc-tru-tuyen-trung	#0878a0		2026-05-05 16:23:22.312579+07		Nematicides	
\.


--
-- Data for Name: products_plant; Type: TABLE DATA; Schema: public; Owner: -
--

COPY public.products_plant (id, name, slug, name_en) FROM stdin;
1	Lúa	lua	Rice
5	Cà phê	ca-phe	Coffee
6	Tiêu	tieu	Pepper
3	Cây ăn trái	cay-an-trai	Fruit Trees
2	Rau màu	rau-mau	Vegetables
4	Hoa màu	hoa-mau	Field Crops
7	Điều	ieu	Cashew
\.


--
-- Data for Name: products_product; Type: TABLE DATA; Schema: public; Owner: -
--

COPY public.products_product (id, name, slug, tag, price, sale_price, specs, description, usage, guide, thumbnail, sale_count, is_active, sort_order, created_at, updated_at, category_id, description_en, name_en, short_desc_en, specs_en) FROM stdin;
2	Bình Phun Đeo Vai 20L	binh-phun-eo-vai-20l		450000	\N	{"unit": "cái", "promo": "", "rating": 4.5, "reviews": 18}	Bình phun tay đeo vai 20L, van bơm áp lực cao, vòi phun đa chiều 360 độ.	Tham khảo hướng dẫn trên bao bì sản phẩm và tư vấn kỹ thuật trước khi sử dụng.	Sử dụng đúng liều lượng, đúng thời điểm và bảo hộ đầy đủ khi thao tác.		18	t	2	2026-05-05 16:23:22.338731+07	2026-05-05 16:23:22.338738+07	1		20L Shoulder Sprayer	A durable 20-liter shoulder sprayer for farm and garden use.	{}
1	Máy Phun Thuốc Điện 16L	may-phun-thuoc-ien-16l	Mới	2900000	2500000	{"unit": "cái", "promo": "Giảm 14%", "rating": "4.8", "reviews": "32"}	Máy phun điện dung tích 16L, pin lithium 12V/8Ah, thời gian phun 45-60 phút/lần sạc. Vòi phun điều chỉnh được.	Tham khảo hướng dẫn trên bao bì sản phẩm và tư vấn kỹ thuật trước khi sử dụng.	Sử dụng đúng liều lượng, đúng thời điểm và bảo hộ đầy đủ khi thao tác.		32	t	0	2026-05-05 16:23:22.328408+07	2026-05-08 22:56:40.377327+07	1	English description	16L Electric Sprayer	A 16-liter electric sprayer for efficient crop protection applications.	{"unit": "bottle"}
3	Máy Sạ Lúa Hàng Mini	may-sa-lua-hang-mini	Bán chạy	9500000	8500000	{"unit": "cái", "promo": "-1tr", "rating": 4.9, "reviews": 45}	Máy sạ lúa hàng mini, khoảng cách hàng 20-30cm, phù hợp ruộng diện tích nhỏ.	Tham khảo hướng dẫn trên bao bì sản phẩm và tư vấn kỹ thuật trước khi sử dụng.	Sử dụng đúng liều lượng, đúng thời điểm và bảo hộ đầy đủ khi thao tác.		45	t	3	2026-05-05 16:23:22.342302+07	2026-05-05 16:23:22.342309+07	1		Mini Row Rice Seeder	A compact rice seeder designed for small and medium paddy fields.	{}
5	GA3 10% SL	ga3-10-sl		120000	\N	{"unit": "chai 50ml", "promo": "", "rating": 4.6, "reviews": 38}	Gibberellin A3 10SL, kích thích sinh trưởng tế bào, tăng kích thước quả và kéo dài cuống.	Tham khảo hướng dẫn trên bao bì sản phẩm và tư vấn kỹ thuật trước khi sử dụng.	Sử dụng đúng liều lượng, đúng thời điểm và bảo hộ đầy đủ khi thao tác.		38	t	5	2026-05-05 16:23:22.349142+07	2026-05-05 16:23:22.349148+07	2		GA3 10% SL	A gibberellic acid solution that promotes cell growth and fruit development.	{}
6	Siêu Ra Hoa 30ml	sieu-ra-hoa-30ml	Mới	80000	65000	{"unit": "chai 30ml", "promo": "Giảm 19%", "rating": 4.4, "reviews": 22}	Kích thích ra hoa đồng loạt, hoa to và nhiều hơn, tăng tỷ lệ đậu quả.	Tham khảo hướng dẫn trên bao bì sản phẩm và tư vấn kỹ thuật trước khi sử dụng.	Sử dụng đúng liều lượng, đúng thời điểm và bảo hộ đầy đủ khi thao tác.		22	t	6	2026-05-05 16:23:22.352603+07	2026-05-05 16:23:22.352611+07	2		Flower Booster 30ml	A flowering stimulant that helps crops bloom more evenly and abundantly.	{}
9	Mancozeb 80WP	mancozeb-80wp		65000	55000	{"unit": "gói 200g", "promo": "Giảm 15%", "rating": 4.3, "reviews": 17}	Thuốc trừ bệnh tiếp xúc, phổ rộng, bảo vệ bề mặt lá lâu dài khỏi nấm bệnh.	Tham khảo hướng dẫn trên bao bì sản phẩm và tư vấn kỹ thuật trước khi sử dụng.	Sử dụng đúng liều lượng, đúng thời điểm và bảo hộ đầy đủ khi thao tác.		17	t	9	2026-05-05 16:23:22.362624+07	2026-05-05 16:23:22.362632+07	3		Mancozeb 80WP	A contact fungicide that protects leaf surfaces against many fungal diseases.	{}
11	Bolis 6GR	bolis-6gr		52000	\N	{"unit": "gói 500g", "promo": "", "rating": 4.6, "reviews": 33}	Dạng hạt, rải trực tiếp ruộng nước, diệt ốc và sên nhớt nhanh trong 24h.	Tham khảo hướng dẫn trên bao bì sản phẩm và tư vấn kỹ thuật trước khi sử dụng.	Sử dụng đúng liều lượng, đúng thời điểm và bảo hộ đầy đủ khi thao tác.		33	t	11	2026-05-05 16:23:22.36871+07	2026-05-05 16:23:22.36872+07	4		Bolis 6GR	A granular product for fast snail and slug control in wet fields.	{}
4	Auxin 10SL	auxin-10sl	Bán chạy	110000	85000	{"Kích thích ra rễ, đẻ nhánh, tăng tỷ lệ đậu trái. Thành phần: Alpha-naphthalene acetic acid": "10%."}	Kích thích ra rễ, đẻ nhánh, tăng tỷ lệ đậu trái. Thành phần: Alpha-naphthalene acetic acid 10%.	Tham khảo hướng dẫn trên bao bì sản phẩm và tư vấn kỹ thuật trước khi sử dụng.	Sử dụng đúng liều lượng, đúng thời điểm và bảo hộ đầy đủ khi thao tác.		62	t	4	2026-05-05 16:23:22.346003+07	2026-05-05 16:23:22.346011+07	2		Auxin 10SL	A plant growth regulator that supports rooting, tillering, and fruit set.	{"Kích thích ra rễ, đẻ nhánh, tăng tỷ lệ đậu trái. Thành phần: Alpha-naphthalene acetic acid": "10%."}
7	Anvil 5SC	anvil-5sc	Bán chạy	115000	95000	{"Hexaconazole": "5% SC"}	Trừ nấm đạo ôn, khô vằn, lem lép hạt trên lúa. Hoạt chất: Hexaconazole 5% SC.	Tham khảo hướng dẫn trên bao bì sản phẩm và tư vấn kỹ thuật trước khi sử dụng.	Sử dụng đúng liều lượng, đúng thời điểm và bảo hộ đầy đủ khi thao tác.		55	t	7	2026-05-05 16:23:22.356052+07	2026-05-05 16:23:22.35606+07	3		Anvil 5SC	A fungicide for controlling key rice diseases such as blast and grain discoloration.	{"Hexaconazole": "5% SC"}
8	Carbenzim 500FL	carbenzim-500fl		75000	\N	{"Carbendazim": "500g/L"}	Phổ rộng, trừ nhiều loại nấm bệnh, thấm lá nhanh. Hoạt chất: Carbendazim 500g/L.	Tham khảo hướng dẫn trên bao bì sản phẩm và tư vấn kỹ thuật trước khi sử dụng.	Sử dụng đúng liều lượng, đúng thời điểm và bảo hộ đầy đủ khi thao tác.		29	t	8	2026-05-05 16:23:22.358807+07	2026-05-05 16:23:22.358814+07	3		Carbenzim 500FL	A broad-spectrum systemic fungicide with fast leaf absorption.	{"Carbendazim": "500g/L"}
10	Deadline 5G	deadline-5g	Bán chạy	55000	45000	{"Metaldehyde": "5%"}	Diệt ốc bươu vàng hiệu quả cao, an toàn cho tôm cá. Hoạt chất: Metaldehyde 5%.	Tham khảo hướng dẫn trên bao bì sản phẩm và tư vấn kỹ thuật trước khi sử dụng.	Sử dụng đúng liều lượng, đúng thời điểm và bảo hộ đầy đủ khi thao tác.		78	t	10	2026-05-05 16:23:22.36559+07	2026-05-05 16:23:22.365598+07	4		Deadline 5G	A granular molluscicide for effective golden apple snail control in rice fields.	{"Metaldehyde": "5%"}
13	Actara 25WG	actara-25wg		135000	\N	{"unit": "gói 3g", "promo": "", "rating": 4.7, "reviews": 44}	Lưu dẫn mạnh, diệt sâu chích hút triệt để, tác dụng kéo dài 2-3 tuần.	Tham khảo hướng dẫn trên bao bì sản phẩm và tư vấn kỹ thuật trước khi sử dụng.	Sử dụng đúng liều lượng, đúng thời điểm và bảo hộ đầy đủ khi thao tác.		44	t	13	2026-05-05 16:23:22.374982+07	2026-05-05 16:23:22.374989+07	5		Actara 25WG	A systemic insecticide for long-lasting control of sucking pests.	{}
14	Abamectin 3.6EC	abamectin-36ec	Mới	90000	72000	{"unit": "chai 100ml", "promo": "Giảm 20%", "rating": 4.5, "reviews": 26}	Trừ nhện đỏ, bọ trĩ, sâu vẽ bùa hiệu quả, phổ tác dụng rộng.	Tham khảo hướng dẫn trên bao bì sản phẩm và tư vấn kỹ thuật trước khi sử dụng.	Sử dụng đúng liều lượng, đúng thời điểm và bảo hộ đầy đủ khi thao tác.		26	t	14	2026-05-05 16:23:22.379143+07	2026-05-05 16:23:22.379154+07	5		Abamectin 3.6EC	A broad-spectrum insecticide and miticide for vegetables and fruit trees.	{}
15	Tervigo 020SC	tervigo-020sc	Mới	220000	185000	{"unit": "chai 50ml", "promo": "Giảm 16%", "rating": 4.7, "reviews": 28}	Trừ tuyến trùng bộ rễ an toàn, ít ảnh hưởng đến vi sinh vật đất có lợi.	Tham khảo hướng dẫn trên bao bì sản phẩm và tư vấn kỹ thuật trước khi sử dụng.	Sử dụng đúng liều lượng, đúng thời điểm và bảo hộ đầy đủ khi thao tác.		28	t	15	2026-05-05 16:23:22.382253+07	2026-05-05 16:23:22.38226+07	6		Tervigo 020SC	A nematicide for safe and effective root-zone nematode management.	{}
16	Nimitz 480SC	nimitz-480sc	Bán chạy	220000	\N	{"unit": "chai 100ml", "promo": "", "rating": 4.8, "reviews": 36}	Fluensulfone - cơ chế mới, diệt tuyến trùng nhanh và bền vững hơn.	Tham khảo hướng dẫn trên bao bì sản phẩm và tư vấn kỹ thuật trước khi sử dụng.	Sử dụng đúng liều lượng, đúng thời điểm và bảo hộ đầy đủ khi thao tác.		36	t	16	2026-05-05 16:23:22.385916+07	2026-05-05 16:23:22.385924+07	6		Nimitz 480SC	A modern nematicide with fast and lasting control of soil nematodes.	{}
12	Regent 800WG	regent-800wg	Bán chạy	105000	88000	{"Fipronil": "800g/kg"}	Trừ sâu đục thân, rầy nâu, bọ trĩ hiệu quả cao. Hoạt chất: Fipronil 800g/kg.	Tham khảo hướng dẫn trên bao bì sản phẩm và tư vấn kỹ thuật trước khi sử dụng.	Sử dụng đúng liều lượng, đúng thời điểm và bảo hộ đầy đủ khi thao tác.		91	t	12	2026-05-05 16:23:22.37212+07	2026-05-05 16:23:22.372127+07	5		Regent 800WG	An insecticide for controlling stem borers, brown planthoppers, and thrips.	{"Fipronil": "800g/kg"}
18	HOBYO 200WP	hobyo-200wp		315000	285000	{"Copper Axcetate": "4%", "Moroxydine Hydrochloride": "16%"}	Thành phần hoạt chất chính:\nMoroxydine Hydrochloride: 16%\nCopper Axcetate: 4%\nThuốc trừ Virus sinh học hữu cơ đầu tiên tại Việt Nam	Pha với nước sạch theo tỷ lệ khuyến cáo. Phun đều và kỹ lên tất cả bộ phận của cây. Phun phòng định kỳ 7–10 ngày/lần. Khi bệnh đã xuất hiện, phun 2 lần cách nhau 5–7 ngày. Thời điểm phun tốt nhất: sáng sớm hoặc chiều mát.	Phun phòng trước khi bệnh xuất hiện cho hiệu quả tốt nhất. Khi nhiễm nặng, kết hợp cắt tỉa bộ phận bị bệnh trước khi phun. Điều chỉnh pH nước pha về 6–7 để tăng độ bền hoạt chất.	products/hobyo-200wp_73522bfd2f0a.jpg	0	t	0	2026-05-08 22:58:33.110491+07	2026-05-08 22:58:33.11052+07	3	Professional fungicide and bactericide for plant disease management. Active ingredients: Moroxydine Hydrochloride: 16%; Copper Axcetate: 4%.	HOBYO 200WP	Professional fungicide and bactericide for plant disease management. Active ingredients: Moroxydine Hydrochloride: 16%; Copper Axcetate: 4%.	{"Copper Axcetate": "4%", "Moroxydine Hydrochloride": "16%"}
24	CHẾ PHẨM GIẢI ĐỘC CHỐNG SỐC KHẮC VIRUS	che-pham-giai-doc-chong-soc-khac-virus		280000	\N	{"CHAI": "100ML"}	.	Pha loãng với nước theo hướng dẫn. Phun lên toàn bộ cây hoặc tưới gốc. Sử dụng vào giai đoạn cây cần kích thích: ra rễ, đâm chồi, ra hoa, đậu quả. Không sử dụng quá liều để tránh ảnh hưởng xấu đến cây trồng.	Không phối trộn với thuốc có tính kiềm mạnh. Sử dụng vào giai đoạn sinh trưởng mạnh để đạt hiệu quả tối đa. Bổ sung vi lượng định kỳ để hỗ trợ cây hấp thu tốt hơn.	products/che-pham-giai-doc-chong-soc-khac-virus_42bd29643595.png	0	t	0	2026-05-08 22:58:33.288885+07	2026-05-08 22:58:33.288895+07	2	Plant growth regulator to enhance vigor, root development, and stress resistance.	PRODUCT GIẢI ĐỘC CHỐNG SỐC KHẮC VIRUS	Plant growth regulator to enhance vigor, root development, and stress resistance.	{"CHAI": "100ML"}
26	BLUTOC 250EC	blutoc-250ec		200000	175000	{"Chai": "500ml"}		Pha với nước sạch theo liều lượng khuyến cáo trên bao bì. Phun đều lên cây vào sáng sớm hoặc chiều mát khi không có gió. Không phun khi trời sắp mưa. Mặc đồ bảo hộ khi sử dụng. Cách ly ít nhất 7–14 ngày trước khi thu hoạch.	Luân phiên nhóm hoạt chất để tránh kháng thuốc. Kết hợp với chất bám dính khi phun trong điều kiện nắng nóng. Quan sát kỹ mật độ sâu trước khi quyết định phun lần 2.	products/blutoc-250ec_65d069e0d06e.png	0	t	0	2026-05-08 22:58:33.319227+07	2026-05-08 22:58:33.31924+07	5	Advanced insecticide for effective pest control across various crops.	BLUTOC 250EC	Advanced insecticide for effective pest control across various crops.	{"Chai": "500ml"}
27	Bình Phun Thuốc Hàn Quốc Siêu Nhẹ	binh-phun-thuoc-han-quoc-sieu-nhe		4000000	3500000	{}	Dung tích bình: 12L\nTổng trọng lượng 2.5kg\nSử dụng chuyên nghiệp cho Thanh Long.\nThiết kế nhỏ gọn thuận lợi cho phụ nữ sử dụng.\nPin: Lithium 11,1V/4,4Ah\nÁp lực bơm để 40psi,\nDòng điện là khoảng 1.4A vì thế pin 4.4A có thể làm việc liên tục trong 3 giờ	Sạc pin đầy trước khi sử dụng. Đổ nước thuốc vào bình, đóng nắp chắc chắn. Điều chỉnh vòi phun phù hợp với loại cây trồng. Phun đều lên bề mặt lá và thân cây. Vệ sinh bình sau mỗi lần sử dụng.	Kiểm tra pin và bình chứa trước khi phun. Chọn đầu phun phù hợp với loại thuốc. Áp suất phun tối ưu: 2–4 bar. Bảo dưỡng định kỳ sau 50 giờ sử dụng.	products/binh-phun-thuoc-han-quoc-sieu-nhe_dd3ad45ec91f.jpg	0	t	0	2026-05-08 22:58:33.335536+07	2026-05-08 22:58:33.33556+07	1	Agricultural equipment designed for efficient spraying and crop management.	SPRAYER THUỐC HÀN QUỐC SIÊU NHẸ	Agricultural equipment designed for efficient spraying and crop management.	{}
28	ZORKET 450WP	zorket-450wp		190000	\N	{"Isoprocarb": "400g/kg", "Thiacloprid": "50g/kg"}	Thành phần hoạt chất:\nThiacloprid: 50g/kg\nIsoprocarb: 400g/kg\nThuốc trừ chích hút thế hệ mới.	Pha với nước sạch theo liều lượng khuyến cáo trên bao bì. Phun đều lên cây vào sáng sớm hoặc chiều mát khi không có gió. Không phun khi trời sắp mưa. Mặc đồ bảo hộ khi sử dụng. Cách ly ít nhất 7–14 ngày trước khi thu hoạch.	Luân phiên nhóm hoạt chất để tránh kháng thuốc. Kết hợp với chất bám dính khi phun trong điều kiện nắng nóng. Quan sát kỹ mật độ sâu trước khi quyết định phun lần 2.	products/zorket-450wp_deba3d1ab254.jpg	0	t	0	2026-05-08 22:58:33.371593+07	2026-05-08 22:58:33.371605+07	5	Advanced insecticide for effective pest control across various crops.	ZORKET 450WP	Advanced insecticide for effective pest control across various crops.	{"Isoprocarb": "400g/kg", "Thiacloprid": "50g/kg"}
25	GOLDBEM 777WP	goldbem-777wp		120000	105000	{"Ningnamycin": "27g/kg", "Validamycin": "50g/kg", "Tricyclazole": "700g/kg"}	Thành Phần Hoạt Chất:\nNingnamycin: 27g/kg\nTricyclazole: 700g/kg\nValidamycin: 50g/kg\nPhụ gia; vừa đủ 1kg	Pha với nước sạch theo tỷ lệ khuyến cáo. Phun đều và kỹ lên tất cả bộ phận của cây. Phun phòng định kỳ 7–10 ngày/lần. Khi bệnh đã xuất hiện, phun 2 lần cách nhau 5–7 ngày. Thời điểm phun tốt nhất: sáng sớm hoặc chiều mát.	Phun phòng trước khi bệnh xuất hiện cho hiệu quả tốt nhất. Khi nhiễm nặng, kết hợp cắt tỉa bộ phận bị bệnh trước khi phun. Điều chỉnh pH nước pha về 6–7 để tăng độ bền hoạt chất.	products/goldbem-777wp_75e0cef18bf8.jpg	0	t	0	2026-05-08 22:58:33.305844+07	2026-05-08 22:58:33.305856+07	3	Professional fungicide and bactericide for plant disease management.	GOLDBEM 777WP	Professional fungicide and bactericide for plant disease management.	{"Ningnamycin": "27g/kg", "Validamycin": "50g/kg", "Tricyclazole": "700g/kg"}
22	MIKCIDE 1.5SL	mikcide-1-5sl		215000	200000	{"Tetramycin": "1.5 ml/L"}	Thành Phần Hoạt Chất\nTetramycin 1.5 ml/L\nBạn đang đọc thông tin về một sản phẩm ưu việt của thế kỷ 21.Tôi chắc chắn bạn sẽ hài lòng khi sử dụng MIKCIDE 1.5SL kể cả khi bạn áp đặt cho MIKCIDE 1.5SL tiêu chuẩn khắt khe của Châu Âu hoặc Mỹ.\nHãy sử dụng MIKCIDE 1.5SL và cùng chúng tôi nói về vụ mùa bội thu của bạn.	Pha với nước sạch theo tỷ lệ khuyến cáo. Phun đều và kỹ lên tất cả bộ phận của cây. Phun phòng định kỳ 7–10 ngày/lần. Khi bệnh đã xuất hiện, phun 2 lần cách nhau 5–7 ngày. Thời điểm phun tốt nhất: sáng sớm hoặc chiều mát.	Phun phòng trước khi bệnh xuất hiện cho hiệu quả tốt nhất. Khi nhiễm nặng, kết hợp cắt tỉa bộ phận bị bệnh trước khi phun. Điều chỉnh pH nước pha về 6–7 để tăng độ bền hoạt chất.	products/mikcide-1-5sl_a119ed853747.jpg	0	t	0	2026-05-08 22:58:33.240158+07	2026-05-08 22:58:33.240186+07	3	Professional fungicide and bactericide for plant disease management.	MIKCIDE 1.5SL	Professional fungicide and bactericide for plant disease management.	{"Tetramycin": "1.5 ml/L"}
31	MIKHADA 20WP	mikhada-20wp		385000	325000	{"Imidacloprid": "200g/kg"}	Thành Phần Hoạt Chất:\nImidacloprid 200g/kg\nLưu dẫn 2 chiều	Pha với nước sạch theo liều lượng khuyến cáo trên bao bì. Phun đều lên cây vào sáng sớm hoặc chiều mát khi không có gió. Không phun khi trời sắp mưa. Mặc đồ bảo hộ khi sử dụng. Cách ly ít nhất 7–14 ngày trước khi thu hoạch.	Luân phiên nhóm hoạt chất để tránh kháng thuốc. Kết hợp với chất bám dính khi phun trong điều kiện nắng nóng. Quan sát kỹ mật độ sâu trước khi quyết định phun lần 2.	products/mikhada-20wp_41d9ef874731.jpg	0	t	0	2026-05-08 22:58:33.446602+07	2026-05-08 22:58:33.446619+07	5	Advanced insecticide for effective pest control across various crops.	MIKHADA 20WP	Advanced insecticide for effective pest control across various crops.	{"Imidacloprid": "200g/kg"}
30	GOLDAN 750WP	goldan-750wp		370000	330000	{"Acetamiprd": "50g/kg", "Thiosultap - Sodium": "700g/kg"}	Thành Phần Hoạt Chất:\nThiosultap - Sodium: 700g/kg\nAcetamiprd: 50g/kg.	Pha với nước sạch theo liều lượng khuyến cáo trên bao bì. Phun đều lên cây vào sáng sớm hoặc chiều mát khi không có gió. Không phun khi trời sắp mưa. Mặc đồ bảo hộ khi sử dụng. Cách ly ít nhất 7–14 ngày trước khi thu hoạch.	Luân phiên nhóm hoạt chất để tránh kháng thuốc. Kết hợp với chất bám dính khi phun trong điều kiện nắng nóng. Quan sát kỹ mật độ sâu trước khi quyết định phun lần 2.	products/goldan-750wp_0680cdae8fd9.png	0	t	0	2026-05-08 22:58:33.414576+07	2026-05-08 22:58:33.414595+07	5	Advanced insecticide for effective pest control across various crops.	GOLDAN 750WP	Advanced insecticide for effective pest control across various crops.	{"Acetamiprd": "50g/kg", "Thiosultap - Sodium": "700g/kg"}
35	BEMSUPER 750WG	bemsuper-750wg		270000	\N	{"Tricyclazole": "750g/kg"}	Thành Phần Hoạt Chất:\nTricyclazole 750g/kg\nPhụ gia đặc biệt vừa đủ 1kg	Pha với nước sạch theo tỷ lệ khuyến cáo. Phun đều và kỹ lên tất cả bộ phận của cây. Phun phòng định kỳ 7–10 ngày/lần. Khi bệnh đã xuất hiện, phun 2 lần cách nhau 5–7 ngày. Thời điểm phun tốt nhất: sáng sớm hoặc chiều mát.	Phun phòng trước khi bệnh xuất hiện cho hiệu quả tốt nhất. Khi nhiễm nặng, kết hợp cắt tỉa bộ phận bị bệnh trước khi phun. Điều chỉnh pH nước pha về 6–7 để tăng độ bền hoạt chất.	products/bemsuper-750wg_dae3d0556691.jpg	0	t	0	2026-05-08 22:58:33.527891+07	2026-05-08 22:58:33.527901+07	3	Professional fungicide and bactericide for plant disease management.	BEMSUPER 750WG	Professional fungicide and bactericide for plant disease management.	{"Tricyclazole": "750g/kg"}
33	ETOBON 0.56SL	etobon-0-56sl		165000	\N	{"Zeatin": "0.56g/L", "Special Additive": "50g/L"}	Thành Phần Hoạt Chất\nZeatin: 0.56g/L\nSpecial Additive: 50g/L\nDung môi: Vừa đủ 1L	Xử lý đất trước khi trồng hoặc tưới gốc cây bị nhiễm. Pha với nước theo liều lượng chỉ định. Tưới đều xung quanh gốc cây, sau đó tưới thêm nước để thuốc thấm sâu vào đất. Xử lý lại sau 30 ngày nếu cần thiết.	Kết hợp biện pháp luân canh cây trồng để giảm mật độ tuyến trùng trong đất. Cải thiện thoát nước, tránh tưới thừa nước vì tuyến trùng phát triển mạnh trong đất ẩm.	products/etobon-0-56sl_b1e73120a86d.jpg	0	t	0	2026-05-08 22:58:33.485544+07	2026-05-08 22:58:33.485565+07	6	Specialized nematicide for controlling soil-borne nematode populations. Active ingredients: Zeatin: 0.56g/L; Special Additive: 50g/L.	ETOBON 0.56SL	Specialized nematicide for controlling soil-borne nematode populations. Active ingredients: Zeatin: 0.56g/L; Special Additive: 50g/L.	{"Zeatin": "0.56g/L", "Special Additive": "50g/L"}
32	JARA 400EC	jara-400ec		400000	\N	{"Fenobucarb": "350g/L", "Acetamiprid": "50g/L"}	Thành Phần Hoạt Chất:\nAcetamiprid: 50g/L\nFenobucarb: 350g/L	Pha với nước sạch theo liều lượng khuyến cáo trên bao bì. Phun đều lên cây vào sáng sớm hoặc chiều mát khi không có gió. Không phun khi trời sắp mưa. Mặc đồ bảo hộ khi sử dụng. Cách ly ít nhất 7–14 ngày trước khi thu hoạch.	Luân phiên nhóm hoạt chất để tránh kháng thuốc. Kết hợp với chất bám dính khi phun trong điều kiện nắng nóng. Quan sát kỹ mật độ sâu trước khi quyết định phun lần 2.	products/jara-400ec_035da9aee7b7.png	0	t	0	2026-05-08 22:58:33.464964+07	2026-05-08 22:58:33.465009+07	5	Advanced insecticide for effective pest control across various crops. Active ingredients: Acetamiprid: 50g/L; Fenobucarb: 350g/L.	JARA 400EC	Advanced insecticide for effective pest control across various crops. Active ingredients: Acetamiprid: 50g/L; Fenobucarb: 350g/L.	{"Fenobucarb": "350g/L", "Acetamiprid": "50g/L"}
29	ACTAMEC 40EC	actamec-40ec		350000	\N	{"Abamectin": "38g/L", "Lambda cyhalothrin": "2g/L"}	Thành Phần Hoạt Chất:\nAbamectin: 38g/L\nLambda cyhalothrin: 2g/L\nDeicated Additive: Enough a liter	Pha với nước sạch theo liều lượng khuyến cáo trên bao bì. Phun đều lên cây vào sáng sớm hoặc chiều mát khi không có gió. Không phun khi trời sắp mưa. Mặc đồ bảo hộ khi sử dụng. Cách ly ít nhất 7–14 ngày trước khi thu hoạch.	Luân phiên nhóm hoạt chất để tránh kháng thuốc. Kết hợp với chất bám dính khi phun trong điều kiện nắng nóng. Quan sát kỹ mật độ sâu trước khi quyết định phun lần 2.	products/actamec-40ec_b975beb2353a.png	0	t	0	2026-05-08 22:58:33.397152+07	2026-05-08 22:58:33.397173+07	5	Advanced insecticide for effective pest control across various crops. Active ingredients: Abamectin: 38g/L; Lambda cyhalothrin: 2g/L.	ACTAMEC 40EC	Advanced insecticide for effective pest control across various crops. Active ingredients: Abamectin: 38g/L; Lambda cyhalothrin: 2g/L.	{"Abamectin": "38g/L", "Lambda cyhalothrin": "2g/L"}
38	Bình Phun Thuốc Tự Động	binh-phun-thuoc-tu-dong		3000000	\N	{"Dung tích tối đa": "18L"}	Dung tích tối đa: 18 L\nẮc quy: 12V/7.2Ah/20HR\nÁp lực phun: 100 PSI\nLưu lượng: 4L/phút.\nThời gian sạc điện: 4-5 giờ\nThời gian sử dụng sau khi sạc đầy: 5-8 giờ	Sạc pin đầy trước khi sử dụng. Đổ nước thuốc vào bình, đóng nắp chắc chắn. Điều chỉnh vòi phun phù hợp với loại cây trồng. Phun đều lên bề mặt lá và thân cây. Vệ sinh bình sau mỗi lần sử dụng.	Kiểm tra pin và bình chứa trước khi phun. Chọn đầu phun phù hợp với loại thuốc. Áp suất phun tối ưu: 2–4 bar. Bảo dưỡng định kỳ sau 50 giờ sử dụng.	products/binh-phun-thuoc-tu-dong_9736c3f9dc4d.png	0	t	0	2026-05-08 22:58:33.570021+07	2026-05-08 22:58:33.570032+07	1	Agricultural equipment designed for efficient spraying and crop management.	SPRAYER THUỐC TỰ ĐỘNG	Agricultural equipment designed for efficient spraying and crop management.	{"Dung tích tối đa": "18L"}
39	ALULINETTE 50EC	alulinette-50ec		310000	\N	{"Chlorfluazuzon": "50g/L"}	Thành Phần Hoạt Chất:\nChlorfluazuzon: 50g/L\nSpecial Additive\nDung môi: vừa đủ 1L	Pha với nước sạch theo liều lượng khuyến cáo trên bao bì. Phun đều lên cây vào sáng sớm hoặc chiều mát khi không có gió. Không phun khi trời sắp mưa. Mặc đồ bảo hộ khi sử dụng. Cách ly ít nhất 7–14 ngày trước khi thu hoạch.	Luân phiên nhóm hoạt chất để tránh kháng thuốc. Kết hợp với chất bám dính khi phun trong điều kiện nắng nóng. Quan sát kỹ mật độ sâu trước khi quyết định phun lần 2.	products/alulinette-50ec_c049683a9757.png	0	t	0	2026-05-08 22:58:33.586906+07	2026-05-08 22:58:33.586923+07	5	Advanced insecticide for effective pest control across various crops. Active ingredients: Chlorfluazuzon: 50g/L.	ALULINETTE 50EC	Advanced insecticide for effective pest control across various crops. Active ingredients: Chlorfluazuzon: 50g/L.	{"Chlorfluazuzon": "50g/L"}
37	FUZIN 40EC	fuzin-40ec		200000	180000	{"Isoprothiolane": "400g/L"}	Thành Phần Hoạt Chất\nIsoprothiolane: 400g/L\nPhụ gia và dung môi: Vừa đủ 1L	Pha với nước sạch theo tỷ lệ khuyến cáo. Phun đều và kỹ lên tất cả bộ phận của cây. Phun phòng định kỳ 7–10 ngày/lần. Khi bệnh đã xuất hiện, phun 2 lần cách nhau 5–7 ngày. Thời điểm phun tốt nhất: sáng sớm hoặc chiều mát.	Phun phòng trước khi bệnh xuất hiện cho hiệu quả tốt nhất. Khi nhiễm nặng, kết hợp cắt tỉa bộ phận bị bệnh trước khi phun. Điều chỉnh pH nước pha về 6–7 để tăng độ bền hoạt chất.	products/fuzin-40ec_220ee8e322a8.png	0	t	0	2026-05-08 22:58:33.558096+07	2026-05-08 22:58:33.558105+07	3	Professional fungicide and bactericide for plant disease management. Active ingredients: Isoprothiolane: 400g/L.	FUZIN 40EC	Professional fungicide and bactericide for plant disease management. Active ingredients: Isoprothiolane: 400g/L.	{"Isoprothiolane": "400g/L"}
36	PHENOCID 20WP	phenocid-20wp		115000	105000	{"Saponin": "20%"}	Thành Phần Hoạt chất:\nSaponin 20%	Rải đều trên ruộng lúa khi có nước. Liều lượng theo khuyến cáo trên bao bì. Hiệu quả cao nhất khi rải vào buổi chiều tối. Duy trì mực nước trong ruộng 3–5 cm sau khi xử lý để tăng hiệu lực thuốc.	Kiểm tra sau 2–3 ngày để đánh giá hiệu quả. Kết hợp vệ sinh bờ ruộng để loại bỏ nơi trú ẩn của ốc. Thu gom ốc chết tránh ô nhiễm nguồn nước.	products/phenocid-20wp_e35843c9d208.jpg	0	t	0	2026-05-08 22:58:33.545656+07	2026-05-08 22:58:33.545665+07	4	Molluscicide formulated to control snails and slugs in paddy fields. Active ingredients: Saponin 20%.	PHENOCID 20WP	Molluscicide formulated to control snails and slugs in paddy fields. Active ingredients: Saponin 20%.	{"Saponin": "20%"}
41	JAPENRA 666EC	japenra-666ec		110000	90000	{"Emamectin": "25g/L", "Fenobucarb": "341g/L", "Chlorpyrifos Ethyl": "300g/L"}	Thành Phần Hoạt Chất:\nEmamectin: 25g/L\nChlorpyrifos Ethyl: 300g/L\nFenobucarb: 341g/L\nPhụ gia chuyên dụng: Vừa đủ 1L	Pha với nước sạch theo liều lượng khuyến cáo trên bao bì. Phun đều lên cây vào sáng sớm hoặc chiều mát khi không có gió. Không phun khi trời sắp mưa. Mặc đồ bảo hộ khi sử dụng. Cách ly ít nhất 7–14 ngày trước khi thu hoạch.	Luân phiên nhóm hoạt chất để tránh kháng thuốc. Kết hợp với chất bám dính khi phun trong điều kiện nắng nóng. Quan sát kỹ mật độ sâu trước khi quyết định phun lần 2.	products/japenra-666ec_9b67266451b0.png	0	t	0	2026-05-08 22:58:33.612995+07	2026-05-08 22:58:33.613006+07	5	Advanced insecticide for effective pest control across various crops. Active ingredients: Emamectin: 25g/L; Chlorpyrifos Ethyl: 300g/L; Fenobucarb: 341g/L.	JAPENRA 666EC	Advanced insecticide for effective pest control across various crops. Active ingredients: Emamectin: 25g/L; Chlorpyrifos Ethyl: 300g/L; Fenobucarb: 341g/L.	{"Emamectin": "25g/L", "Fenobucarb": "341g/L", "Chlorpyrifos Ethyl": "300g/L"}
40	FIXTEX 300EC	fixtex-300ec		355000	\N	{"Dimethoate": "286g/L", "Lambda-cyhalothin": "14g/L"}	Thành Phần Hoạt Chất:\nDimethoate: 286g/L\nLambda-cyhalothin: 14g/L\nPhụ gia chuyên dụng; vừa đủ 1L	Pha với nước sạch theo liều lượng khuyến cáo trên bao bì. Phun đều lên cây vào sáng sớm hoặc chiều mát khi không có gió. Không phun khi trời sắp mưa. Mặc đồ bảo hộ khi sử dụng. Cách ly ít nhất 7–14 ngày trước khi thu hoạch.	Luân phiên nhóm hoạt chất để tránh kháng thuốc. Kết hợp với chất bám dính khi phun trong điều kiện nắng nóng. Quan sát kỹ mật độ sâu trước khi quyết định phun lần 2.	products/fixtex-300ec_61950a4deeff.png	0	t	0	2026-05-08 22:58:33.602485+07	2026-05-08 22:58:33.602497+07	5	Advanced insecticide for effective pest control across various crops. Active ingredients: Dimethoate: 286g/L; Lambda-cyhalothin: 14g/L.	FIXTEX 300EC	Advanced insecticide for effective pest control across various crops. Active ingredients: Dimethoate: 286g/L; Lambda-cyhalothin: 14g/L.	{"Dimethoate": "286g/L", "Lambda-cyhalothin": "14g/L"}
23	ROVIA 420SC	rovia-420sc		175000	160000	{"Pyrimethanil": "420g/L", "Special Additive One": "150g/L", "Special Additive Two": "80g/L"}	Thành Phần Hoạt Chất:\nPyrimethanil 420g/L\nSpecial Additive One: 150g/L\nSpecial Additive Two: 80g/L	Pha với nước sạch theo tỷ lệ khuyến cáo. Phun đều và kỹ lên tất cả bộ phận của cây. Phun phòng định kỳ 7–10 ngày/lần. Khi bệnh đã xuất hiện, phun 2 lần cách nhau 5–7 ngày. Thời điểm phun tốt nhất: sáng sớm hoặc chiều mát.	Phun phòng trước khi bệnh xuất hiện cho hiệu quả tốt nhất. Khi nhiễm nặng, kết hợp cắt tỉa bộ phận bị bệnh trước khi phun. Điều chỉnh pH nước pha về 6–7 để tăng độ bền hoạt chất.	products/rovia-420sc_fb7e18aec0b3.jpg	0	t	0	2026-05-08 22:58:33.269812+07	2026-05-08 22:58:33.269822+07	3	Professional fungicide and bactericide for plant disease management. Active ingredients: Pyrimethanil 420g/L; Special Additive One: 150g/L; Special Additive Two: 80g/L.	ROVIA 420SC	Professional fungicide and bactericide for plant disease management. Active ingredients: Pyrimethanil 420g/L; Special Additive One: 150g/L; Special Additive Two: 80g/L.	{"Pyrimethanil": "420g/L", "Special Additive One": "150g/L", "Special Additive Two": "80g/L"}
21	KENTAK 10SC	kentak-10sc		285000	\N	{"Abamectin": "2%(w/w)", "Methoxyfenozide": "8%(w/w)"}	Thành Phần Hoạt Chất:\nMethoxyfenozide 8%(w/w)\nAbamectin 2%(w/w)	Pha với nước sạch theo liều lượng khuyến cáo trên bao bì. Phun đều lên cây vào sáng sớm hoặc chiều mát khi không có gió. Không phun khi trời sắp mưa. Mặc đồ bảo hộ khi sử dụng. Cách ly ít nhất 7–14 ngày trước khi thu hoạch.	Luân phiên nhóm hoạt chất để tránh kháng thuốc. Kết hợp với chất bám dính khi phun trong điều kiện nắng nóng. Quan sát kỹ mật độ sâu trước khi quyết định phun lần 2.	products/kentak-10sc_f17efe027705.png	0	t	0	2026-05-08 22:58:33.201055+07	2026-05-08 22:58:33.201076+07	5	Advanced insecticide for effective pest control across various crops. Active ingredients: Methoxyfenozide 8%(w/w); Abamectin 2%(w/w).	KENTAK 10SC	Advanced insecticide for effective pest control across various crops. Active ingredients: Methoxyfenozide 8%(w/w); Abamectin 2%(w/w).	{"Abamectin": "2%(w/w)", "Methoxyfenozide": "8%(w/w)"}
20	CAMARO 100SC	camaro-100sc		325000	\N	{"Cyazofamid": "100g/L", "Additive Suspended": "100g/L", "Dispersion solvent": "300g/L"}	Thành phần hoạt chất:\nCyazofamid 100g/L\nAdditive Suspended: 100g/L\nDispersion solvent: 300g/L	Pha với nước sạch theo tỷ lệ khuyến cáo. Phun đều và kỹ lên tất cả bộ phận của cây. Phun phòng định kỳ 7–10 ngày/lần. Khi bệnh đã xuất hiện, phun 2 lần cách nhau 5–7 ngày. Thời điểm phun tốt nhất: sáng sớm hoặc chiều mát.	Phun phòng trước khi bệnh xuất hiện cho hiệu quả tốt nhất. Khi nhiễm nặng, kết hợp cắt tỉa bộ phận bị bệnh trước khi phun. Điều chỉnh pH nước pha về 6–7 để tăng độ bền hoạt chất.	products/camaro-100sc_52523d1b8294.jpg	0	t	0	2026-05-08 22:58:33.178576+07	2026-05-08 22:58:33.1786+07	3	Professional fungicide and bactericide for plant disease management. Active ingredients: Cyazofamid 100g/L; Additive Suspended: 100g/L; Dispersion solvent: 300g/L.	CAMARO 100SC	Professional fungicide and bactericide for plant disease management. Active ingredients: Cyazofamid 100g/L; Additive Suspended: 100g/L; Dispersion solvent: 300g/L.	{"Cyazofamid": "100g/L", "Additive Suspended": "100g/L", "Dispersion solvent": "300g/L"}
34	SHEPATIN 75EC	shepatin-75ec		190000	170000	{"Abamectin": "25g/L", "Alpha-cypermerthrin": "50g/l"}	Thành Phần Hoạt Chất:\nAbamectin: 25g/L\nAlpha-cypermerthrin: 50g/l\nSpecical Additive: vừa đủ 1L	Pha với nước sạch theo liều lượng khuyến cáo trên bao bì. Phun đều lên cây vào sáng sớm hoặc chiều mát khi không có gió. Không phun khi trời sắp mưa. Mặc đồ bảo hộ khi sử dụng. Cách ly ít nhất 7–14 ngày trước khi thu hoạch.	Luân phiên nhóm hoạt chất để tránh kháng thuốc. Kết hợp với chất bám dính khi phun trong điều kiện nắng nóng. Quan sát kỹ mật độ sâu trước khi quyết định phun lần 2.	products/shepatin-75ec_fce2f6d2154e.png	0	t	0	2026-05-08 22:58:33.512412+07	2026-05-08 22:58:33.51243+07	5	Advanced insecticide for effective pest control across various crops. Active ingredients: Abamectin: 25g/L; Alpha-cypermerthrin: 50g/l.	SHEPATIN 75EC	Advanced insecticide for effective pest control across various crops. Active ingredients: Abamectin: 25g/L; Alpha-cypermerthrin: 50g/l.	{"Abamectin": "25g/L", "Alpha-cypermerthrin": "50g/l"}
19	HOBYO LÚA 200WP - DÒNG R	hobyo-lua-200wp-dong-r		165000	\N	{"Copper Axcetate": "4%", "Moroxydine Hydrochloride": "16%"}	Thành phần hoạt chất chính:\nMoroxydine Hydrochloride: 16%\nCopper Axcetate: 4%\nCHUYÊN BIỆT TRỪ BỆNH HẠI TRÊN CÂY LÚA	Pha với nước sạch theo tỷ lệ khuyến cáo. Phun đều và kỹ lên tất cả bộ phận của cây. Phun phòng định kỳ 7–10 ngày/lần. Khi bệnh đã xuất hiện, phun 2 lần cách nhau 5–7 ngày. Thời điểm phun tốt nhất: sáng sớm hoặc chiều mát.	Phun phòng trước khi bệnh xuất hiện cho hiệu quả tốt nhất. Khi nhiễm nặng, kết hợp cắt tỉa bộ phận bị bệnh trước khi phun. Điều chỉnh pH nước pha về 6–7 để tăng độ bền hoạt chất.	products/hobyo-lua-200wp-dong-r_288436c4c405.jpg	0	t	0	2026-05-08 22:58:33.163747+07	2026-05-08 22:58:33.163769+07	3	Professional fungicide and bactericide for plant disease management. Active ingredients: Moroxydine Hydrochloride: 16%; Copper Axcetate: 4%.	HOBYO LÚA 200WP - LINE R	Professional fungicide and bactericide for plant disease management. Active ingredients: Moroxydine Hydrochloride: 16%; Copper Axcetate: 4%.	{"Copper Axcetate": "4%", "Moroxydine Hydrochloride": "16%"}
\.


--
-- Data for Name: products_product_plants; Type: TABLE DATA; Schema: public; Owner: -
--

COPY public.products_product_plants (id, product_id, plant_id) FROM stdin;
1	1	1
2	1	2
3	2	1
4	2	3
5	3	1
6	4	1
7	4	2
8	4	3
9	5	2
10	5	3
11	6	3
12	6	4
13	7	1
14	8	1
15	8	2
16	8	3
17	9	2
18	9	3
19	10	1
20	11	1
21	11	2
22	12	1
23	12	2
24	13	2
25	13	3
26	14	2
27	14	3
28	14	4
29	15	2
30	15	3
31	15	5
32	15	6
33	16	2
34	16	6
35	16	7
\.


--
-- Data for Name: products_productimage; Type: TABLE DATA; Schema: public; Owner: -
--

COPY public.products_productimage (id, image, "order", product_id) FROM stdin;
1	products/z7797420675217_8659b72798fa515fc919551059dd88b3.jpg	0	1
3	products/hobyo-200wp_16c63409c17c.jpg	0	18
4	products/hobyo-200wp_4a1bc2c6800d.png	1	18
5	products/hobyo-200wp_d1c0fb239b29.png	2	18
6	products/hobyo-200wp_9add2a8b10d1.png	3	18
7	products/hobyo-200wp_ee53481d9554.png	4	18
8	products/hobyo-lua-200wp-dong-r_e7ac769e773c.jpg	0	19
9	products/camaro-100sc_0e706ebe59c0.jpg	0	20
10	products/camaro-100sc_7297fff11109.png	1	20
11	products/camaro-100sc_7ec0612fbcb5.png	2	20
12	products/kentak-10sc_ad8a926cec6d.png	0	21
13	products/kentak-10sc_3da6bfa9553b.png	1	21
14	products/kentak-10sc_6bae85bc5e05.png	2	21
15	products/kentak-10sc_7145a501bacc.jpg	3	21
16	products/kentak-10sc_8d177dc07e94.jpg	4	21
17	products/kentak-10sc_ebcf2458102b.jpg	5	21
18	products/kentak-10sc_1360bb272b3b.jpg	6	21
19	products/kentak-10sc_9e09e0ed78a9.jpg	7	21
20	products/mikcide-1-5sl_0c4d5364f3f2.jpg	0	22
21	products/mikcide-1-5sl_61e6d3c14c51.png	1	22
22	products/mikcide-1-5sl_a3023852b9a0.png	2	22
23	products/mikcide-1-5sl_19745ff98745.jpg	3	22
24	products/mikcide-1-5sl_492a7898cbb2.jpg	4	22
25	products/rovia-420sc_e1369550d86d.jpg	0	23
26	products/rovia-420sc_55f2104e0d93.png	1	23
27	products/rovia-420sc_99c1a0169edc.jpg	2	23
28	products/rovia-420sc_6a5f6314c593.jpg	3	23
29	products/che-pham-giai-doc-chong-soc-khac-virus_b05682d21c15.png	0	24
30	products/che-pham-giai-doc-chong-soc-khac-virus_9a19f83c50ee.png	1	24
31	products/goldbem-777wp_150f3091195c.jpg	0	25
32	products/goldbem-777wp_b35324a0cb3e.jpg	1	25
33	products/blutoc-250ec_5e1506508826.png	0	26
34	products/blutoc-250ec_5ee91fa9e910.png	1	26
35	products/blutoc-250ec_cfdfd0587df7.png	2	26
36	products/binh-phun-thuoc-han-quoc-sieu-nhe_68d63f6663ef.jpg	0	27
37	products/binh-phun-thuoc-han-quoc-sieu-nhe_a8ea70f83e1d.jpg	1	27
38	products/binh-phun-thuoc-han-quoc-sieu-nhe_8ec2567c409b.jpg	2	27
39	products/binh-phun-thuoc-han-quoc-sieu-nhe_bd8f25df362b.jpg	3	27
40	products/binh-phun-thuoc-han-quoc-sieu-nhe_80a300e6e5ec.jpg	4	27
41	products/binh-phun-thuoc-han-quoc-sieu-nhe_f97297f7c6d1.jpg	5	27
42	products/binh-phun-thuoc-han-quoc-sieu-nhe_81f64ffb1e4c.jpg	6	27
43	products/zorket-450wp_8bf6f02a2380.jpg	0	28
44	products/zorket-450wp_ebff2af5182e.jpg	1	28
45	products/zorket-450wp_27eb21497fd0.png	2	28
46	products/zorket-450wp_1ea706770c26.png	3	28
47	products/actamec-40ec_56b4c8be6270.png	0	29
48	products/actamec-40ec_6b33a851fd95.png	1	29
49	products/goldan-750wp_9753429b4d66.png	0	30
50	products/goldan-750wp_b6d996c5b6d6.png	1	30
51	products/goldan-750wp_b669510362a9.png	2	30
52	products/goldan-750wp_3188a6881b2a.png	3	30
53	products/goldan-750wp_ed24028129bd.png	4	30
54	products/goldan-750wp_d8a6789636d3.png	5	30
55	products/mikhada-20wp_aba7ebc04aad.jpg	0	31
56	products/mikhada-20wp_42208ba695a3.jpg	1	31
57	products/jara-400ec_ecdef94d064e.png	0	32
58	products/jara-400ec_bdfef9dc851b.png	1	32
59	products/jara-400ec_1ae934b12aa4.png	2	32
60	products/etobon-0-56sl_c8bd542d7159.jpg	0	33
61	products/etobon-0-56sl_32943e7f09d8.png	1	33
62	products/etobon-0-56sl_8eda803bc7f0.png	2	33
63	products/etobon-0-56sl_7d545aa4aabd.png	3	33
64	products/etobon-0-56sl_07abeb8fa0b1.png	4	33
65	products/shepatin-75ec_cc874563b2ca.png	0	34
66	products/shepatin-75ec_729d8ca72df2.png	1	34
67	products/bemsuper-750wg_0aba4e3f66d9.jpg	0	35
68	products/bemsuper-750wg_1cc3cd2a9579.jpg	1	35
69	products/bemsuper-750wg_aa0772e04af1.jpg	2	35
70	products/bemsuper-750wg_228868a1eb22.jpg	3	35
71	products/phenocid-20wp_3dce7d4422c5.jpg	0	36
72	products/phenocid-20wp_81ef438aa240.jpg	1	36
73	products/fuzin-40ec_06f4f53f45ac.png	0	37
74	products/binh-phun-thuoc-tu-dong_784dd47c9a34.png	0	38
75	products/binh-phun-thuoc-tu-dong_5759d90098c6.png	1	38
76	products/alulinette-50ec_35ce4bdb898c.png	0	39
77	products/alulinette-50ec_d3fc3ecbb6eb.png	1	39
78	products/fixtex-300ec_b348cf0f5c65.png	0	40
79	products/japenra-666ec_e1748803905b.png	0	41
80	products/japenra-666ec_3ac0cf311d0b.png	1	41
\.


--
-- Data for Name: products_productreview; Type: TABLE DATA; Schema: public; Owner: -
--

COPY public.products_productreview (id, rating, text, status, created_at, product_id, user_id, comment_en) FROM stdin;
3	5	Sản phầm oke	approved	2026-05-06 16:44:46.23351+07	2	12	
2	4	Oke	approved	2026-05-06 16:43:35.655717+07	1	12	
1	5	E2E admin review approve/reject	approved	2026-05-06 05:23:36.897861+07	1	10	
\.


--
-- Name: accounts_address_id_seq; Type: SEQUENCE SET; Schema: public; Owner: -
--

SELECT pg_catalog.setval('public.accounts_address_id_seq', 3, true);


--
-- Name: accounts_commune_id_seq; Type: SEQUENCE SET; Schema: public; Owner: -
--

SELECT pg_catalog.setval('public.accounts_commune_id_seq', 3321, true);


--
-- Name: accounts_province_id_seq; Type: SEQUENCE SET; Schema: public; Owner: -
--

SELECT pg_catalog.setval('public.accounts_province_id_seq', 34, true);


--
-- Name: accounts_userprofile_id_seq; Type: SEQUENCE SET; Schema: public; Owner: -
--

SELECT pg_catalog.setval('public.accounts_userprofile_id_seq', 5, true);


--
-- Name: auth_group_id_seq; Type: SEQUENCE SET; Schema: public; Owner: -
--

SELECT pg_catalog.setval('public.auth_group_id_seq', 1, false);


--
-- Name: auth_group_permissions_id_seq; Type: SEQUENCE SET; Schema: public; Owner: -
--

SELECT pg_catalog.setval('public.auth_group_permissions_id_seq', 1, false);


--
-- Name: auth_permission_id_seq; Type: SEQUENCE SET; Schema: public; Owner: -
--

SELECT pg_catalog.setval('public.auth_permission_id_seq', 176, true);


--
-- Name: auth_user_groups_id_seq; Type: SEQUENCE SET; Schema: public; Owner: -
--

SELECT pg_catalog.setval('public.auth_user_groups_id_seq', 1, false);


--
-- Name: auth_user_id_seq; Type: SEQUENCE SET; Schema: public; Owner: -
--

SELECT pg_catalog.setval('public.auth_user_id_seq', 12, true);


--
-- Name: auth_user_user_permissions_id_seq; Type: SEQUENCE SET; Schema: public; Owner: -
--

SELECT pg_catalog.setval('public.auth_user_user_permissions_id_seq', 1, false);


--
-- Name: contact_banner_id_seq; Type: SEQUENCE SET; Schema: public; Owner: -
--

SELECT pg_catalog.setval('public.contact_banner_id_seq', 3, true);


--
-- Name: contact_contactsubmission_id_seq; Type: SEQUENCE SET; Schema: public; Owner: -
--

SELECT pg_catalog.setval('public.contact_contactsubmission_id_seq', 3, true);


--
-- Name: contact_siteconfig_id_seq; Type: SEQUENCE SET; Schema: public; Owner: -
--

SELECT pg_catalog.setval('public.contact_siteconfig_id_seq', 1, false);


--
-- Name: django_admin_log_id_seq; Type: SEQUENCE SET; Schema: public; Owner: -
--

SELECT pg_catalog.setval('public.django_admin_log_id_seq', 1, false);


--
-- Name: django_content_type_id_seq; Type: SEQUENCE SET; Schema: public; Owner: -
--

SELECT pg_catalog.setval('public.django_content_type_id_seq', 44, true);


--
-- Name: django_migrations_id_seq; Type: SEQUENCE SET; Schema: public; Owner: -
--

SELECT pg_catalog.setval('public.django_migrations_id_seq', 41, true);


--
-- Name: documents_doccategory_id_seq; Type: SEQUENCE SET; Schema: public; Owner: -
--

SELECT pg_catalog.setval('public.documents_doccategory_id_seq', 4, true);


--
-- Name: documents_document_id_seq; Type: SEQUENCE SET; Schema: public; Owner: -
--

SELECT pg_catalog.setval('public.documents_document_id_seq', 21, true);


--
-- Name: documents_document_plants_id_seq; Type: SEQUENCE SET; Schema: public; Owner: -
--

SELECT pg_catalog.setval('public.documents_document_plants_id_seq', 30, true);


--
-- Name: news_article_hashtags_id_seq; Type: SEQUENCE SET; Schema: public; Owner: -
--

SELECT pg_catalog.setval('public.news_article_hashtags_id_seq', 23, true);


--
-- Name: news_article_id_seq; Type: SEQUENCE SET; Schema: public; Owner: -
--

SELECT pg_catalog.setval('public.news_article_id_seq', 21, true);


--
-- Name: news_hashtag_id_seq; Type: SEQUENCE SET; Schema: public; Owner: -
--

SELECT pg_catalog.setval('public.news_hashtag_id_seq', 19, true);


--
-- Name: news_newscategory_id_seq; Type: SEQUENCE SET; Schema: public; Owner: -
--

SELECT pg_catalog.setval('public.news_newscategory_id_seq', 5, true);


--
-- Name: orders_order_id_seq; Type: SEQUENCE SET; Schema: public; Owner: -
--

SELECT pg_catalog.setval('public.orders_order_id_seq', 6, true);


--
-- Name: orders_orderitem_id_seq; Type: SEQUENCE SET; Schema: public; Owner: -
--

SELECT pg_catalog.setval('public.orders_orderitem_id_seq', 7, true);


--
-- Name: orders_promotion_id_seq; Type: SEQUENCE SET; Schema: public; Owner: -
--

SELECT pg_catalog.setval('public.orders_promotion_id_seq', 2, true);


--
-- Name: products_category_id_seq; Type: SEQUENCE SET; Schema: public; Owner: -
--

SELECT pg_catalog.setval('public.products_category_id_seq', 6, true);


--
-- Name: products_plant_id_seq; Type: SEQUENCE SET; Schema: public; Owner: -
--

SELECT pg_catalog.setval('public.products_plant_id_seq', 7, true);


--
-- Name: products_product_id_seq; Type: SEQUENCE SET; Schema: public; Owner: -
--

SELECT pg_catalog.setval('public.products_product_id_seq', 41, true);


--
-- Name: products_product_plants_id_seq; Type: SEQUENCE SET; Schema: public; Owner: -
--

SELECT pg_catalog.setval('public.products_product_plants_id_seq', 36, true);


--
-- Name: products_productimage_id_seq; Type: SEQUENCE SET; Schema: public; Owner: -
--

SELECT pg_catalog.setval('public.products_productimage_id_seq', 80, true);


--
-- Name: products_productreview_id_seq; Type: SEQUENCE SET; Schema: public; Owner: -
--

SELECT pg_catalog.setval('public.products_productreview_id_seq', 3, true);


--
-- Name: accounts_address accounts_address_pkey; Type: CONSTRAINT; Schema: public; Owner: -
--

ALTER TABLE ONLY public.accounts_address
    ADD CONSTRAINT accounts_address_pkey PRIMARY KEY (id);


--
-- Name: accounts_commune accounts_commune_code_key; Type: CONSTRAINT; Schema: public; Owner: -
--

ALTER TABLE ONLY public.accounts_commune
    ADD CONSTRAINT accounts_commune_code_key UNIQUE (code);


--
-- Name: accounts_commune accounts_commune_pkey; Type: CONSTRAINT; Schema: public; Owner: -
--

ALTER TABLE ONLY public.accounts_commune
    ADD CONSTRAINT accounts_commune_pkey PRIMARY KEY (id);


--
-- Name: accounts_province accounts_province_code_key; Type: CONSTRAINT; Schema: public; Owner: -
--

ALTER TABLE ONLY public.accounts_province
    ADD CONSTRAINT accounts_province_code_key UNIQUE (code);


--
-- Name: accounts_province accounts_province_pkey; Type: CONSTRAINT; Schema: public; Owner: -
--

ALTER TABLE ONLY public.accounts_province
    ADD CONSTRAINT accounts_province_pkey PRIMARY KEY (id);


--
-- Name: accounts_userprofile accounts_userprofile_firebase_uid_key; Type: CONSTRAINT; Schema: public; Owner: -
--

ALTER TABLE ONLY public.accounts_userprofile
    ADD CONSTRAINT accounts_userprofile_firebase_uid_key UNIQUE (firebase_uid);


--
-- Name: accounts_userprofile accounts_userprofile_pkey; Type: CONSTRAINT; Schema: public; Owner: -
--

ALTER TABLE ONLY public.accounts_userprofile
    ADD CONSTRAINT accounts_userprofile_pkey PRIMARY KEY (id);


--
-- Name: accounts_userprofile accounts_userprofile_user_id_key; Type: CONSTRAINT; Schema: public; Owner: -
--

ALTER TABLE ONLY public.accounts_userprofile
    ADD CONSTRAINT accounts_userprofile_user_id_key UNIQUE (user_id);


--
-- Name: auth_group auth_group_name_key; Type: CONSTRAINT; Schema: public; Owner: -
--

ALTER TABLE ONLY public.auth_group
    ADD CONSTRAINT auth_group_name_key UNIQUE (name);


--
-- Name: auth_group_permissions auth_group_permissions_group_id_permission_id_0cd325b0_uniq; Type: CONSTRAINT; Schema: public; Owner: -
--

ALTER TABLE ONLY public.auth_group_permissions
    ADD CONSTRAINT auth_group_permissions_group_id_permission_id_0cd325b0_uniq UNIQUE (group_id, permission_id);


--
-- Name: auth_group_permissions auth_group_permissions_pkey; Type: CONSTRAINT; Schema: public; Owner: -
--

ALTER TABLE ONLY public.auth_group_permissions
    ADD CONSTRAINT auth_group_permissions_pkey PRIMARY KEY (id);


--
-- Name: auth_group auth_group_pkey; Type: CONSTRAINT; Schema: public; Owner: -
--

ALTER TABLE ONLY public.auth_group
    ADD CONSTRAINT auth_group_pkey PRIMARY KEY (id);


--
-- Name: auth_permission auth_permission_content_type_id_codename_01ab375a_uniq; Type: CONSTRAINT; Schema: public; Owner: -
--

ALTER TABLE ONLY public.auth_permission
    ADD CONSTRAINT auth_permission_content_type_id_codename_01ab375a_uniq UNIQUE (content_type_id, codename);


--
-- Name: auth_permission auth_permission_pkey; Type: CONSTRAINT; Schema: public; Owner: -
--

ALTER TABLE ONLY public.auth_permission
    ADD CONSTRAINT auth_permission_pkey PRIMARY KEY (id);


--
-- Name: auth_user_groups auth_user_groups_pkey; Type: CONSTRAINT; Schema: public; Owner: -
--

ALTER TABLE ONLY public.auth_user_groups
    ADD CONSTRAINT auth_user_groups_pkey PRIMARY KEY (id);


--
-- Name: auth_user_groups auth_user_groups_user_id_group_id_94350c0c_uniq; Type: CONSTRAINT; Schema: public; Owner: -
--

ALTER TABLE ONLY public.auth_user_groups
    ADD CONSTRAINT auth_user_groups_user_id_group_id_94350c0c_uniq UNIQUE (user_id, group_id);


--
-- Name: auth_user auth_user_pkey; Type: CONSTRAINT; Schema: public; Owner: -
--

ALTER TABLE ONLY public.auth_user
    ADD CONSTRAINT auth_user_pkey PRIMARY KEY (id);


--
-- Name: auth_user_user_permissions auth_user_user_permissions_pkey; Type: CONSTRAINT; Schema: public; Owner: -
--

ALTER TABLE ONLY public.auth_user_user_permissions
    ADD CONSTRAINT auth_user_user_permissions_pkey PRIMARY KEY (id);


--
-- Name: auth_user_user_permissions auth_user_user_permissions_user_id_permission_id_14a6b632_uniq; Type: CONSTRAINT; Schema: public; Owner: -
--

ALTER TABLE ONLY public.auth_user_user_permissions
    ADD CONSTRAINT auth_user_user_permissions_user_id_permission_id_14a6b632_uniq UNIQUE (user_id, permission_id);


--
-- Name: auth_user auth_user_username_key; Type: CONSTRAINT; Schema: public; Owner: -
--

ALTER TABLE ONLY public.auth_user
    ADD CONSTRAINT auth_user_username_key UNIQUE (username);


--
-- Name: contact_banner contact_banner_pkey; Type: CONSTRAINT; Schema: public; Owner: -
--

ALTER TABLE ONLY public.contact_banner
    ADD CONSTRAINT contact_banner_pkey PRIMARY KEY (id);


--
-- Name: contact_contactsubmission contact_contactsubmission_pkey; Type: CONSTRAINT; Schema: public; Owner: -
--

ALTER TABLE ONLY public.contact_contactsubmission
    ADD CONSTRAINT contact_contactsubmission_pkey PRIMARY KEY (id);


--
-- Name: contact_siteconfig contact_siteconfig_pkey; Type: CONSTRAINT; Schema: public; Owner: -
--

ALTER TABLE ONLY public.contact_siteconfig
    ADD CONSTRAINT contact_siteconfig_pkey PRIMARY KEY (id);


--
-- Name: django_admin_log django_admin_log_pkey; Type: CONSTRAINT; Schema: public; Owner: -
--

ALTER TABLE ONLY public.django_admin_log
    ADD CONSTRAINT django_admin_log_pkey PRIMARY KEY (id);


--
-- Name: django_content_type django_content_type_app_label_model_76bd3d3b_uniq; Type: CONSTRAINT; Schema: public; Owner: -
--

ALTER TABLE ONLY public.django_content_type
    ADD CONSTRAINT django_content_type_app_label_model_76bd3d3b_uniq UNIQUE (app_label, model);


--
-- Name: django_content_type django_content_type_pkey; Type: CONSTRAINT; Schema: public; Owner: -
--

ALTER TABLE ONLY public.django_content_type
    ADD CONSTRAINT django_content_type_pkey PRIMARY KEY (id);


--
-- Name: django_migrations django_migrations_pkey; Type: CONSTRAINT; Schema: public; Owner: -
--

ALTER TABLE ONLY public.django_migrations
    ADD CONSTRAINT django_migrations_pkey PRIMARY KEY (id);


--
-- Name: django_session django_session_pkey; Type: CONSTRAINT; Schema: public; Owner: -
--

ALTER TABLE ONLY public.django_session
    ADD CONSTRAINT django_session_pkey PRIMARY KEY (session_key);


--
-- Name: documents_doccategory documents_doccategory_pkey; Type: CONSTRAINT; Schema: public; Owner: -
--

ALTER TABLE ONLY public.documents_doccategory
    ADD CONSTRAINT documents_doccategory_pkey PRIMARY KEY (id);


--
-- Name: documents_doccategory documents_doccategory_slug_key; Type: CONSTRAINT; Schema: public; Owner: -
--

ALTER TABLE ONLY public.documents_doccategory
    ADD CONSTRAINT documents_doccategory_slug_key UNIQUE (slug);


--
-- Name: documents_document documents_document_pkey; Type: CONSTRAINT; Schema: public; Owner: -
--

ALTER TABLE ONLY public.documents_document
    ADD CONSTRAINT documents_document_pkey PRIMARY KEY (id);


--
-- Name: documents_document_plants documents_document_plants_document_id_plant_id_77e773ec_uniq; Type: CONSTRAINT; Schema: public; Owner: -
--

ALTER TABLE ONLY public.documents_document_plants
    ADD CONSTRAINT documents_document_plants_document_id_plant_id_77e773ec_uniq UNIQUE (document_id, plant_id);


--
-- Name: documents_document_plants documents_document_plants_pkey; Type: CONSTRAINT; Schema: public; Owner: -
--

ALTER TABLE ONLY public.documents_document_plants
    ADD CONSTRAINT documents_document_plants_pkey PRIMARY KEY (id);


--
-- Name: documents_document documents_document_slug_key; Type: CONSTRAINT; Schema: public; Owner: -
--

ALTER TABLE ONLY public.documents_document
    ADD CONSTRAINT documents_document_slug_key UNIQUE (slug);


--
-- Name: news_article_hashtags news_article_hashtags_article_id_hashtag_id_7c423dcb_uniq; Type: CONSTRAINT; Schema: public; Owner: -
--

ALTER TABLE ONLY public.news_article_hashtags
    ADD CONSTRAINT news_article_hashtags_article_id_hashtag_id_7c423dcb_uniq UNIQUE (article_id, hashtag_id);


--
-- Name: news_article_hashtags news_article_hashtags_pkey; Type: CONSTRAINT; Schema: public; Owner: -
--

ALTER TABLE ONLY public.news_article_hashtags
    ADD CONSTRAINT news_article_hashtags_pkey PRIMARY KEY (id);


--
-- Name: news_article news_article_pkey; Type: CONSTRAINT; Schema: public; Owner: -
--

ALTER TABLE ONLY public.news_article
    ADD CONSTRAINT news_article_pkey PRIMARY KEY (id);


--
-- Name: news_article news_article_slug_key; Type: CONSTRAINT; Schema: public; Owner: -
--

ALTER TABLE ONLY public.news_article
    ADD CONSTRAINT news_article_slug_key UNIQUE (slug);


--
-- Name: news_hashtag news_hashtag_name_key; Type: CONSTRAINT; Schema: public; Owner: -
--

ALTER TABLE ONLY public.news_hashtag
    ADD CONSTRAINT news_hashtag_name_key UNIQUE (name);


--
-- Name: news_hashtag news_hashtag_pkey; Type: CONSTRAINT; Schema: public; Owner: -
--

ALTER TABLE ONLY public.news_hashtag
    ADD CONSTRAINT news_hashtag_pkey PRIMARY KEY (id);


--
-- Name: news_newscategory news_newscategory_pkey; Type: CONSTRAINT; Schema: public; Owner: -
--

ALTER TABLE ONLY public.news_newscategory
    ADD CONSTRAINT news_newscategory_pkey PRIMARY KEY (id);


--
-- Name: news_newscategory news_newscategory_slug_key; Type: CONSTRAINT; Schema: public; Owner: -
--

ALTER TABLE ONLY public.news_newscategory
    ADD CONSTRAINT news_newscategory_slug_key UNIQUE (slug);


--
-- Name: orders_order orders_order_order_number_key; Type: CONSTRAINT; Schema: public; Owner: -
--

ALTER TABLE ONLY public.orders_order
    ADD CONSTRAINT orders_order_order_number_key UNIQUE (order_number);


--
-- Name: orders_order orders_order_pkey; Type: CONSTRAINT; Schema: public; Owner: -
--

ALTER TABLE ONLY public.orders_order
    ADD CONSTRAINT orders_order_pkey PRIMARY KEY (id);


--
-- Name: orders_orderitem orders_orderitem_pkey; Type: CONSTRAINT; Schema: public; Owner: -
--

ALTER TABLE ONLY public.orders_orderitem
    ADD CONSTRAINT orders_orderitem_pkey PRIMARY KEY (id);


--
-- Name: orders_promotion orders_promotion_code_key; Type: CONSTRAINT; Schema: public; Owner: -
--

ALTER TABLE ONLY public.orders_promotion
    ADD CONSTRAINT orders_promotion_code_key UNIQUE (code);


--
-- Name: orders_promotion orders_promotion_pkey; Type: CONSTRAINT; Schema: public; Owner: -
--

ALTER TABLE ONLY public.orders_promotion
    ADD CONSTRAINT orders_promotion_pkey PRIMARY KEY (id);


--
-- Name: products_category products_category_pkey; Type: CONSTRAINT; Schema: public; Owner: -
--

ALTER TABLE ONLY public.products_category
    ADD CONSTRAINT products_category_pkey PRIMARY KEY (id);


--
-- Name: products_category products_category_slug_key; Type: CONSTRAINT; Schema: public; Owner: -
--

ALTER TABLE ONLY public.products_category
    ADD CONSTRAINT products_category_slug_key UNIQUE (slug);


--
-- Name: products_plant products_plant_pkey; Type: CONSTRAINT; Schema: public; Owner: -
--

ALTER TABLE ONLY public.products_plant
    ADD CONSTRAINT products_plant_pkey PRIMARY KEY (id);


--
-- Name: products_plant products_plant_slug_key; Type: CONSTRAINT; Schema: public; Owner: -
--

ALTER TABLE ONLY public.products_plant
    ADD CONSTRAINT products_plant_slug_key UNIQUE (slug);


--
-- Name: products_product products_product_pkey; Type: CONSTRAINT; Schema: public; Owner: -
--

ALTER TABLE ONLY public.products_product
    ADD CONSTRAINT products_product_pkey PRIMARY KEY (id);


--
-- Name: products_product_plants products_product_plants_pkey; Type: CONSTRAINT; Schema: public; Owner: -
--

ALTER TABLE ONLY public.products_product_plants
    ADD CONSTRAINT products_product_plants_pkey PRIMARY KEY (id);


--
-- Name: products_product_plants products_product_plants_product_id_plant_id_a251cc6b_uniq; Type: CONSTRAINT; Schema: public; Owner: -
--

ALTER TABLE ONLY public.products_product_plants
    ADD CONSTRAINT products_product_plants_product_id_plant_id_a251cc6b_uniq UNIQUE (product_id, plant_id);


--
-- Name: products_product products_product_slug_key; Type: CONSTRAINT; Schema: public; Owner: -
--

ALTER TABLE ONLY public.products_product
    ADD CONSTRAINT products_product_slug_key UNIQUE (slug);


--
-- Name: products_productimage products_productimage_pkey; Type: CONSTRAINT; Schema: public; Owner: -
--

ALTER TABLE ONLY public.products_productimage
    ADD CONSTRAINT products_productimage_pkey PRIMARY KEY (id);


--
-- Name: products_productreview products_productreview_pkey; Type: CONSTRAINT; Schema: public; Owner: -
--

ALTER TABLE ONLY public.products_productreview
    ADD CONSTRAINT products_productreview_pkey PRIMARY KEY (id);


--
-- Name: accounts_address_commune_id_837acc80; Type: INDEX; Schema: public; Owner: -
--

CREATE INDEX accounts_address_commune_id_837acc80 ON public.accounts_address USING btree (commune_id);


--
-- Name: accounts_address_province_id_e6596dde; Type: INDEX; Schema: public; Owner: -
--

CREATE INDEX accounts_address_province_id_e6596dde ON public.accounts_address USING btree (province_id);


--
-- Name: accounts_address_user_id_c8c74ddf; Type: INDEX; Schema: public; Owner: -
--

CREATE INDEX accounts_address_user_id_c8c74ddf ON public.accounts_address USING btree (user_id);


--
-- Name: accounts_commune_code_477db5ad_like; Type: INDEX; Schema: public; Owner: -
--

CREATE INDEX accounts_commune_code_477db5ad_like ON public.accounts_commune USING btree (code varchar_pattern_ops);


--
-- Name: accounts_commune_province_id_88c3d145; Type: INDEX; Schema: public; Owner: -
--

CREATE INDEX accounts_commune_province_id_88c3d145 ON public.accounts_commune USING btree (province_id);


--
-- Name: accounts_province_code_c322f7c3_like; Type: INDEX; Schema: public; Owner: -
--

CREATE INDEX accounts_province_code_c322f7c3_like ON public.accounts_province USING btree (code varchar_pattern_ops);


--
-- Name: accounts_userprofile_firebase_uid_0c7d1d6f_like; Type: INDEX; Schema: public; Owner: -
--

CREATE INDEX accounts_userprofile_firebase_uid_0c7d1d6f_like ON public.accounts_userprofile USING btree (firebase_uid varchar_pattern_ops);


--
-- Name: auth_group_name_a6ea08ec_like; Type: INDEX; Schema: public; Owner: -
--

CREATE INDEX auth_group_name_a6ea08ec_like ON public.auth_group USING btree (name varchar_pattern_ops);


--
-- Name: auth_group_permissions_group_id_b120cbf9; Type: INDEX; Schema: public; Owner: -
--

CREATE INDEX auth_group_permissions_group_id_b120cbf9 ON public.auth_group_permissions USING btree (group_id);


--
-- Name: auth_group_permissions_permission_id_84c5c92e; Type: INDEX; Schema: public; Owner: -
--

CREATE INDEX auth_group_permissions_permission_id_84c5c92e ON public.auth_group_permissions USING btree (permission_id);


--
-- Name: auth_permission_content_type_id_2f476e4b; Type: INDEX; Schema: public; Owner: -
--

CREATE INDEX auth_permission_content_type_id_2f476e4b ON public.auth_permission USING btree (content_type_id);


--
-- Name: auth_user_groups_group_id_97559544; Type: INDEX; Schema: public; Owner: -
--

CREATE INDEX auth_user_groups_group_id_97559544 ON public.auth_user_groups USING btree (group_id);


--
-- Name: auth_user_groups_user_id_6a12ed8b; Type: INDEX; Schema: public; Owner: -
--

CREATE INDEX auth_user_groups_user_id_6a12ed8b ON public.auth_user_groups USING btree (user_id);


--
-- Name: auth_user_user_permissions_permission_id_1fbb5f2c; Type: INDEX; Schema: public; Owner: -
--

CREATE INDEX auth_user_user_permissions_permission_id_1fbb5f2c ON public.auth_user_user_permissions USING btree (permission_id);


--
-- Name: auth_user_user_permissions_user_id_a95ead1b; Type: INDEX; Schema: public; Owner: -
--

CREATE INDEX auth_user_user_permissions_user_id_a95ead1b ON public.auth_user_user_permissions USING btree (user_id);


--
-- Name: auth_user_username_6821ab7c_like; Type: INDEX; Schema: public; Owner: -
--

CREATE INDEX auth_user_username_6821ab7c_like ON public.auth_user USING btree (username varchar_pattern_ops);


--
-- Name: django_admin_log_content_type_id_c4bce8eb; Type: INDEX; Schema: public; Owner: -
--

CREATE INDEX django_admin_log_content_type_id_c4bce8eb ON public.django_admin_log USING btree (content_type_id);


--
-- Name: django_admin_log_user_id_c564eba6; Type: INDEX; Schema: public; Owner: -
--

CREATE INDEX django_admin_log_user_id_c564eba6 ON public.django_admin_log USING btree (user_id);


--
-- Name: django_session_expire_date_a5c62663; Type: INDEX; Schema: public; Owner: -
--

CREATE INDEX django_session_expire_date_a5c62663 ON public.django_session USING btree (expire_date);


--
-- Name: django_session_session_key_c0390e0f_like; Type: INDEX; Schema: public; Owner: -
--

CREATE INDEX django_session_session_key_c0390e0f_like ON public.django_session USING btree (session_key varchar_pattern_ops);


--
-- Name: documents_doccategory_slug_ea260c5d_like; Type: INDEX; Schema: public; Owner: -
--

CREATE INDEX documents_doccategory_slug_ea260c5d_like ON public.documents_doccategory USING btree (slug varchar_pattern_ops);


--
-- Name: documents_document_category_id_99a4d66f; Type: INDEX; Schema: public; Owner: -
--

CREATE INDEX documents_document_category_id_99a4d66f ON public.documents_document USING btree (category_id);


--
-- Name: documents_document_plants_document_id_bc284885; Type: INDEX; Schema: public; Owner: -
--

CREATE INDEX documents_document_plants_document_id_bc284885 ON public.documents_document_plants USING btree (document_id);


--
-- Name: documents_document_plants_plant_id_15d494ce; Type: INDEX; Schema: public; Owner: -
--

CREATE INDEX documents_document_plants_plant_id_15d494ce ON public.documents_document_plants USING btree (plant_id);


--
-- Name: documents_document_slug_10ec7f96_like; Type: INDEX; Schema: public; Owner: -
--

CREATE INDEX documents_document_slug_10ec7f96_like ON public.documents_document USING btree (slug varchar_pattern_ops);


--
-- Name: news_article_author_id_11c60ced; Type: INDEX; Schema: public; Owner: -
--

CREATE INDEX news_article_author_id_11c60ced ON public.news_article USING btree (author_id);


--
-- Name: news_article_category_id_7ede7614; Type: INDEX; Schema: public; Owner: -
--

CREATE INDEX news_article_category_id_7ede7614 ON public.news_article USING btree (category_id);


--
-- Name: news_article_hashtags_article_id_96680715; Type: INDEX; Schema: public; Owner: -
--

CREATE INDEX news_article_hashtags_article_id_96680715 ON public.news_article_hashtags USING btree (article_id);


--
-- Name: news_article_hashtags_hashtag_id_e639eb4e; Type: INDEX; Schema: public; Owner: -
--

CREATE INDEX news_article_hashtags_hashtag_id_e639eb4e ON public.news_article_hashtags USING btree (hashtag_id);


--
-- Name: news_article_slug_5328fdc5_like; Type: INDEX; Schema: public; Owner: -
--

CREATE INDEX news_article_slug_5328fdc5_like ON public.news_article USING btree (slug varchar_pattern_ops);


--
-- Name: news_hashtag_name_ed897433_like; Type: INDEX; Schema: public; Owner: -
--

CREATE INDEX news_hashtag_name_ed897433_like ON public.news_hashtag USING btree (name varchar_pattern_ops);


--
-- Name: news_newscategory_slug_1bb4a0ed_like; Type: INDEX; Schema: public; Owner: -
--

CREATE INDEX news_newscategory_slug_1bb4a0ed_like ON public.news_newscategory USING btree (slug varchar_pattern_ops);


--
-- Name: orders_order_order_number_4e985f70_like; Type: INDEX; Schema: public; Owner: -
--

CREATE INDEX orders_order_order_number_4e985f70_like ON public.orders_order USING btree (order_number varchar_pattern_ops);


--
-- Name: orders_order_user_id_e9b59eb1; Type: INDEX; Schema: public; Owner: -
--

CREATE INDEX orders_order_user_id_e9b59eb1 ON public.orders_order USING btree (user_id);


--
-- Name: orders_orderitem_order_id_fe61a34d; Type: INDEX; Schema: public; Owner: -
--

CREATE INDEX orders_orderitem_order_id_fe61a34d ON public.orders_orderitem USING btree (order_id);


--
-- Name: orders_orderitem_product_id_afe4254a; Type: INDEX; Schema: public; Owner: -
--

CREATE INDEX orders_orderitem_product_id_afe4254a ON public.orders_orderitem USING btree (product_id);


--
-- Name: orders_promotion_code_bf4dddae_like; Type: INDEX; Schema: public; Owner: -
--

CREATE INDEX orders_promotion_code_bf4dddae_like ON public.orders_promotion USING btree (code varchar_pattern_ops);


--
-- Name: products_category_slug_c558efae_like; Type: INDEX; Schema: public; Owner: -
--

CREATE INDEX products_category_slug_c558efae_like ON public.products_category USING btree (slug varchar_pattern_ops);


--
-- Name: products_plant_slug_30d39290_like; Type: INDEX; Schema: public; Owner: -
--

CREATE INDEX products_plant_slug_30d39290_like ON public.products_plant USING btree (slug varchar_pattern_ops);


--
-- Name: products_product_category_id_9b594869; Type: INDEX; Schema: public; Owner: -
--

CREATE INDEX products_product_category_id_9b594869 ON public.products_product USING btree (category_id);


--
-- Name: products_product_plants_plant_id_075311d9; Type: INDEX; Schema: public; Owner: -
--

CREATE INDEX products_product_plants_plant_id_075311d9 ON public.products_product_plants USING btree (plant_id);


--
-- Name: products_product_plants_product_id_046417fc; Type: INDEX; Schema: public; Owner: -
--

CREATE INDEX products_product_plants_product_id_046417fc ON public.products_product_plants USING btree (product_id);


--
-- Name: products_product_slug_70d3148d_like; Type: INDEX; Schema: public; Owner: -
--

CREATE INDEX products_product_slug_70d3148d_like ON public.products_product USING btree (slug varchar_pattern_ops);


--
-- Name: products_productimage_product_id_e747596a; Type: INDEX; Schema: public; Owner: -
--

CREATE INDEX products_productimage_product_id_e747596a ON public.products_productimage USING btree (product_id);


--
-- Name: products_productreview_product_id_7e81c4a6; Type: INDEX; Schema: public; Owner: -
--

CREATE INDEX products_productreview_product_id_7e81c4a6 ON public.products_productreview USING btree (product_id);


--
-- Name: products_productreview_user_id_5c551aaa; Type: INDEX; Schema: public; Owner: -
--

CREATE INDEX products_productreview_user_id_5c551aaa ON public.products_productreview USING btree (user_id);


--
-- Name: accounts_address accounts_address_commune_id_837acc80_fk_accounts_commune_id; Type: FK CONSTRAINT; Schema: public; Owner: -
--

ALTER TABLE ONLY public.accounts_address
    ADD CONSTRAINT accounts_address_commune_id_837acc80_fk_accounts_commune_id FOREIGN KEY (commune_id) REFERENCES public.accounts_commune(id) DEFERRABLE INITIALLY DEFERRED;


--
-- Name: accounts_address accounts_address_province_id_e6596dde_fk_accounts_province_id; Type: FK CONSTRAINT; Schema: public; Owner: -
--

ALTER TABLE ONLY public.accounts_address
    ADD CONSTRAINT accounts_address_province_id_e6596dde_fk_accounts_province_id FOREIGN KEY (province_id) REFERENCES public.accounts_province(id) DEFERRABLE INITIALLY DEFERRED;


--
-- Name: accounts_address accounts_address_user_id_c8c74ddf_fk_auth_user_id; Type: FK CONSTRAINT; Schema: public; Owner: -
--

ALTER TABLE ONLY public.accounts_address
    ADD CONSTRAINT accounts_address_user_id_c8c74ddf_fk_auth_user_id FOREIGN KEY (user_id) REFERENCES public.auth_user(id) DEFERRABLE INITIALLY DEFERRED;


--
-- Name: accounts_commune accounts_commune_province_id_88c3d145_fk_accounts_province_id; Type: FK CONSTRAINT; Schema: public; Owner: -
--

ALTER TABLE ONLY public.accounts_commune
    ADD CONSTRAINT accounts_commune_province_id_88c3d145_fk_accounts_province_id FOREIGN KEY (province_id) REFERENCES public.accounts_province(id) DEFERRABLE INITIALLY DEFERRED;


--
-- Name: accounts_userprofile accounts_userprofile_user_id_92240672_fk_auth_user_id; Type: FK CONSTRAINT; Schema: public; Owner: -
--

ALTER TABLE ONLY public.accounts_userprofile
    ADD CONSTRAINT accounts_userprofile_user_id_92240672_fk_auth_user_id FOREIGN KEY (user_id) REFERENCES public.auth_user(id) DEFERRABLE INITIALLY DEFERRED;


--
-- Name: auth_group_permissions auth_group_permissio_permission_id_84c5c92e_fk_auth_perm; Type: FK CONSTRAINT; Schema: public; Owner: -
--

ALTER TABLE ONLY public.auth_group_permissions
    ADD CONSTRAINT auth_group_permissio_permission_id_84c5c92e_fk_auth_perm FOREIGN KEY (permission_id) REFERENCES public.auth_permission(id) DEFERRABLE INITIALLY DEFERRED;


--
-- Name: auth_group_permissions auth_group_permissions_group_id_b120cbf9_fk_auth_group_id; Type: FK CONSTRAINT; Schema: public; Owner: -
--

ALTER TABLE ONLY public.auth_group_permissions
    ADD CONSTRAINT auth_group_permissions_group_id_b120cbf9_fk_auth_group_id FOREIGN KEY (group_id) REFERENCES public.auth_group(id) DEFERRABLE INITIALLY DEFERRED;


--
-- Name: auth_permission auth_permission_content_type_id_2f476e4b_fk_django_co; Type: FK CONSTRAINT; Schema: public; Owner: -
--

ALTER TABLE ONLY public.auth_permission
    ADD CONSTRAINT auth_permission_content_type_id_2f476e4b_fk_django_co FOREIGN KEY (content_type_id) REFERENCES public.django_content_type(id) DEFERRABLE INITIALLY DEFERRED;


--
-- Name: auth_user_groups auth_user_groups_group_id_97559544_fk_auth_group_id; Type: FK CONSTRAINT; Schema: public; Owner: -
--

ALTER TABLE ONLY public.auth_user_groups
    ADD CONSTRAINT auth_user_groups_group_id_97559544_fk_auth_group_id FOREIGN KEY (group_id) REFERENCES public.auth_group(id) DEFERRABLE INITIALLY DEFERRED;


--
-- Name: auth_user_groups auth_user_groups_user_id_6a12ed8b_fk_auth_user_id; Type: FK CONSTRAINT; Schema: public; Owner: -
--

ALTER TABLE ONLY public.auth_user_groups
    ADD CONSTRAINT auth_user_groups_user_id_6a12ed8b_fk_auth_user_id FOREIGN KEY (user_id) REFERENCES public.auth_user(id) DEFERRABLE INITIALLY DEFERRED;


--
-- Name: auth_user_user_permissions auth_user_user_permi_permission_id_1fbb5f2c_fk_auth_perm; Type: FK CONSTRAINT; Schema: public; Owner: -
--

ALTER TABLE ONLY public.auth_user_user_permissions
    ADD CONSTRAINT auth_user_user_permi_permission_id_1fbb5f2c_fk_auth_perm FOREIGN KEY (permission_id) REFERENCES public.auth_permission(id) DEFERRABLE INITIALLY DEFERRED;


--
-- Name: auth_user_user_permissions auth_user_user_permissions_user_id_a95ead1b_fk_auth_user_id; Type: FK CONSTRAINT; Schema: public; Owner: -
--

ALTER TABLE ONLY public.auth_user_user_permissions
    ADD CONSTRAINT auth_user_user_permissions_user_id_a95ead1b_fk_auth_user_id FOREIGN KEY (user_id) REFERENCES public.auth_user(id) DEFERRABLE INITIALLY DEFERRED;


--
-- Name: django_admin_log django_admin_log_content_type_id_c4bce8eb_fk_django_co; Type: FK CONSTRAINT; Schema: public; Owner: -
--

ALTER TABLE ONLY public.django_admin_log
    ADD CONSTRAINT django_admin_log_content_type_id_c4bce8eb_fk_django_co FOREIGN KEY (content_type_id) REFERENCES public.django_content_type(id) DEFERRABLE INITIALLY DEFERRED;


--
-- Name: django_admin_log django_admin_log_user_id_c564eba6_fk_auth_user_id; Type: FK CONSTRAINT; Schema: public; Owner: -
--

ALTER TABLE ONLY public.django_admin_log
    ADD CONSTRAINT django_admin_log_user_id_c564eba6_fk_auth_user_id FOREIGN KEY (user_id) REFERENCES public.auth_user(id) DEFERRABLE INITIALLY DEFERRED;


--
-- Name: documents_document documents_document_category_id_99a4d66f_fk_documents; Type: FK CONSTRAINT; Schema: public; Owner: -
--

ALTER TABLE ONLY public.documents_document
    ADD CONSTRAINT documents_document_category_id_99a4d66f_fk_documents FOREIGN KEY (category_id) REFERENCES public.documents_doccategory(id) DEFERRABLE INITIALLY DEFERRED;


--
-- Name: documents_document_plants documents_document_p_document_id_bc284885_fk_documents; Type: FK CONSTRAINT; Schema: public; Owner: -
--

ALTER TABLE ONLY public.documents_document_plants
    ADD CONSTRAINT documents_document_p_document_id_bc284885_fk_documents FOREIGN KEY (document_id) REFERENCES public.documents_document(id) DEFERRABLE INITIALLY DEFERRED;


--
-- Name: documents_document_plants documents_document_p_plant_id_15d494ce_fk_products_; Type: FK CONSTRAINT; Schema: public; Owner: -
--

ALTER TABLE ONLY public.documents_document_plants
    ADD CONSTRAINT documents_document_p_plant_id_15d494ce_fk_products_ FOREIGN KEY (plant_id) REFERENCES public.products_plant(id) DEFERRABLE INITIALLY DEFERRED;


--
-- Name: news_article news_article_author_id_11c60ced_fk_auth_user_id; Type: FK CONSTRAINT; Schema: public; Owner: -
--

ALTER TABLE ONLY public.news_article
    ADD CONSTRAINT news_article_author_id_11c60ced_fk_auth_user_id FOREIGN KEY (author_id) REFERENCES public.auth_user(id) DEFERRABLE INITIALLY DEFERRED;


--
-- Name: news_article news_article_category_id_7ede7614_fk_news_newscategory_id; Type: FK CONSTRAINT; Schema: public; Owner: -
--

ALTER TABLE ONLY public.news_article
    ADD CONSTRAINT news_article_category_id_7ede7614_fk_news_newscategory_id FOREIGN KEY (category_id) REFERENCES public.news_newscategory(id) DEFERRABLE INITIALLY DEFERRED;


--
-- Name: news_article_hashtags news_article_hashtags_article_id_96680715_fk_news_article_id; Type: FK CONSTRAINT; Schema: public; Owner: -
--

ALTER TABLE ONLY public.news_article_hashtags
    ADD CONSTRAINT news_article_hashtags_article_id_96680715_fk_news_article_id FOREIGN KEY (article_id) REFERENCES public.news_article(id) DEFERRABLE INITIALLY DEFERRED;


--
-- Name: news_article_hashtags news_article_hashtags_hashtag_id_e639eb4e_fk_news_hashtag_id; Type: FK CONSTRAINT; Schema: public; Owner: -
--

ALTER TABLE ONLY public.news_article_hashtags
    ADD CONSTRAINT news_article_hashtags_hashtag_id_e639eb4e_fk_news_hashtag_id FOREIGN KEY (hashtag_id) REFERENCES public.news_hashtag(id) DEFERRABLE INITIALLY DEFERRED;


--
-- Name: orders_order orders_order_user_id_e9b59eb1_fk_auth_user_id; Type: FK CONSTRAINT; Schema: public; Owner: -
--

ALTER TABLE ONLY public.orders_order
    ADD CONSTRAINT orders_order_user_id_e9b59eb1_fk_auth_user_id FOREIGN KEY (user_id) REFERENCES public.auth_user(id) DEFERRABLE INITIALLY DEFERRED;


--
-- Name: orders_orderitem orders_orderitem_order_id_fe61a34d_fk_orders_order_id; Type: FK CONSTRAINT; Schema: public; Owner: -
--

ALTER TABLE ONLY public.orders_orderitem
    ADD CONSTRAINT orders_orderitem_order_id_fe61a34d_fk_orders_order_id FOREIGN KEY (order_id) REFERENCES public.orders_order(id) DEFERRABLE INITIALLY DEFERRED;


--
-- Name: orders_orderitem orders_orderitem_product_id_afe4254a_fk_products_product_id; Type: FK CONSTRAINT; Schema: public; Owner: -
--

ALTER TABLE ONLY public.orders_orderitem
    ADD CONSTRAINT orders_orderitem_product_id_afe4254a_fk_products_product_id FOREIGN KEY (product_id) REFERENCES public.products_product(id) DEFERRABLE INITIALLY DEFERRED;


--
-- Name: products_product products_product_category_id_9b594869_fk_products_category_id; Type: FK CONSTRAINT; Schema: public; Owner: -
--

ALTER TABLE ONLY public.products_product
    ADD CONSTRAINT products_product_category_id_9b594869_fk_products_category_id FOREIGN KEY (category_id) REFERENCES public.products_category(id) DEFERRABLE INITIALLY DEFERRED;


--
-- Name: products_product_plants products_product_pla_product_id_046417fc_fk_products_; Type: FK CONSTRAINT; Schema: public; Owner: -
--

ALTER TABLE ONLY public.products_product_plants
    ADD CONSTRAINT products_product_pla_product_id_046417fc_fk_products_ FOREIGN KEY (product_id) REFERENCES public.products_product(id) DEFERRABLE INITIALLY DEFERRED;


--
-- Name: products_product_plants products_product_plants_plant_id_075311d9_fk_products_plant_id; Type: FK CONSTRAINT; Schema: public; Owner: -
--

ALTER TABLE ONLY public.products_product_plants
    ADD CONSTRAINT products_product_plants_plant_id_075311d9_fk_products_plant_id FOREIGN KEY (plant_id) REFERENCES public.products_plant(id) DEFERRABLE INITIALLY DEFERRED;


--
-- Name: products_productimage products_productimag_product_id_e747596a_fk_products_; Type: FK CONSTRAINT; Schema: public; Owner: -
--

ALTER TABLE ONLY public.products_productimage
    ADD CONSTRAINT products_productimag_product_id_e747596a_fk_products_ FOREIGN KEY (product_id) REFERENCES public.products_product(id) DEFERRABLE INITIALLY DEFERRED;


--
-- Name: products_productreview products_productrevi_product_id_7e81c4a6_fk_products_; Type: FK CONSTRAINT; Schema: public; Owner: -
--

ALTER TABLE ONLY public.products_productreview
    ADD CONSTRAINT products_productrevi_product_id_7e81c4a6_fk_products_ FOREIGN KEY (product_id) REFERENCES public.products_product(id) DEFERRABLE INITIALLY DEFERRED;


--
-- Name: products_productreview products_productreview_user_id_5c551aaa_fk_auth_user_id; Type: FK CONSTRAINT; Schema: public; Owner: -
--

ALTER TABLE ONLY public.products_productreview
    ADD CONSTRAINT products_productreview_user_id_5c551aaa_fk_auth_user_id FOREIGN KEY (user_id) REFERENCES public.auth_user(id) DEFERRABLE INITIALLY DEFERRED;


--
-- PostgreSQL database dump complete
--

\unrestrict Bn5u3KcmfRgcHKrAbR7HcZMHSsSqPeSWYj3NaqXA5kSUvdizDfkCryKXgPUSB9K

